-- phpMyAdmin SQL Dump
-- version 4.7.0
-- https://www.phpmyadmin.net/
--
-- Hôte : 127.0.0.1
-- Généré le :  mer. 05 avr. 2023 à 13:45
-- Version du serveur :  5.7.17
-- Version de PHP :  5.6.30

SET SQL_MODE = "NO_AUTO_VALUE_ON_ZERO";
SET AUTOCOMMIT = 0;
START TRANSACTION;
SET time_zone = "+00:00";


/*!40101 SET @OLD_CHARACTER_SET_CLIENT=@@CHARACTER_SET_CLIENT */;
/*!40101 SET @OLD_CHARACTER_SET_RESULTS=@@CHARACTER_SET_RESULTS */;
/*!40101 SET @OLD_COLLATION_CONNECTION=@@COLLATION_CONNECTION */;
/*!40101 SET NAMES utf8mb4 */;

--
-- Base de données :  `tholdi`
--

-- --------------------------------------------------------

--
-- Structure de la table `agence`
--

CREATE TABLE `agence` (
  `num` int(2) NOT NULL,
  `agencenom` varchar(20) NOT NULL,
  `agenceadrs1` varchar(20) NOT NULL,
  `agenceadrs2` varchar(20) NOT NULL,
  `agencecp` char(6) NOT NULL,
  `agenceville` varchar(15) NOT NULL,
  `agenceport` char(5) NOT NULL,
  `agencetel` varchar(15) NOT NULL,
  `agencemel` varchar(25) NOT NULL,
  `agenceimage` varchar(20) NOT NULL
) ENGINE=MyISAM DEFAULT CHARSET=utf8;

--
-- Déchargement des données de la table `agence`
--

INSERT INTO `agence` (`num`, `agencenom`, `agenceadrs1`, `agenceadrs2`, `agencecp`, `agenceville`, `agenceport`, `agencetel`, `agencemel`, `agenceimage`) VALUES
(1, 'Genevillier', 'immeuble Haut de Sei', '46 route Mercière ', '95530', 'GENEVILLIER', '35835', '+331 12 12 12 3', 'genevillier@tholdi.com', 'gennevilliers.png'),
(2, 'Le Havre', 'Grand Port Maritime ', 'Terre-plein de la ba', '76067', 'LE HAVRE', '35730', '+332 35 12 23 6', 'lehavre@tholdi.com', 'Le-Havre.jpg'),
(3, 'Marseille', 'Chemin de Bizet ', '', '13016', 'MARSEILLE', '38810', '+334 91 12 52 3', 'marseille@tholdi.com', 'marseille.jpg'),
(4, 'Hambourg', 'Kurt-Eckelmann-Straß', '', '21126', 'HAMBURG', '30780', '49 40 2380030', 'hambourg@tholdi.com', 'hambourg.jpg'),
(5, 'Anvers', 'Zaha Hadidplein 1', '', '2030', 'ANTWERPEN', '31250', '+32 3 336 32 99', 'anvers@tholdi.com', 'anvers.jpg'),
(6, 'Barcelone', 'Ronda del Port 233', '', '08039', 'BARCELONA', '38550', '+34 902 1899 00', 'barcelone@tholdi.com', 'barcelonne.jpg'),
(7, 'Rotterdam', 'Streefwaalseweg 10', '', '3195', 'KN PERNIS', '31140', '+31 10 425 0520', 'rotterdam@tholdi.com', 'rotterdam.jpg');

-- --------------------------------------------------------

--
-- Structure de la table `client`
--

CREATE TABLE `client` (
  `idcli` int(5) NOT NULL,
  `user` varchar(30) NOT NULL,
  `hash` varchar(256) NOT NULL,
  `nom` varchar(30) NOT NULL,
  `adresse` varchar(20) NOT NULL,
  `CP` char(6) NOT NULL,
  `ville` varchar(15) NOT NULL,
  `pays` char(2) NOT NULL,
  `mail` varchar(25) NOT NULL
) ENGINE=MyISAM DEFAULT CHARSET=utf8;

--
-- Déchargement des données de la table `client`
--

INSERT INTO `client` (`idcli`, `user`, `hash`, `nom`, `adresse`, `CP`, `ville`, `pays`, `mail`) VALUES
(11, 'TestUser2', '$2y$10$cLhleFTvbnSh22TBsrwiM.F4WYL9MkGbCrWbCu4RiSu/DSq4uiXeq', 'Test', '23 rue de la bousti', '95487', 'Machin', 'BB', 'TestUnit2@gmail.com'),
(10, 'TestUser1', '$2y$10$TZarOS9l5Nmhe4Xgeq5Xue8KqlRavGvBeW3O5DadgMwohr1etuCYm', 'Utilisateur Test 1', '18 rue du puit', '78000', 'Paris', 'FR', 'TestUser1@gmail.com');

-- --------------------------------------------------------

--
-- Structure de la table `contener`
--

CREATE TABLE `contener` (
  `contcode` char(2) NOT NULL,
  `conttype` int(11) NOT NULL,
  `conttaille` int(11) NOT NULL,
  `conttarifjour` decimal(10,2) NOT NULL,
  `conttariftrim` decimal(10,0) NOT NULL,
  `conttarifan` decimal(10,0) NOT NULL
) ENGINE=MyISAM DEFAULT CHARSET=utf8;

--
-- Déchargement des données de la table `contener`
--

INSERT INTO `contener` (`contcode`, `conttype`, `conttaille`, `conttarifjour`, `conttariftrim`, `conttarifan`) VALUES
('11', 1, 1, '8.00', '7', '4'),
('21', 2, 1, '11.00', '9', '6'),
('31', 3, 1, '9.50', '7', '5'),
('41', 4, 1, '9.00', '7', '5'),
('51', 5, 1, '9.00', '7', '5'),
('12', 1, 2, '9.25', '7', '5'),
('22', 2, 2, '14.00', '11', '10'),
('32', 3, 2, '11.00', '9', '7'),
('42', 4, 2, '10.00', '9', '8'),
('52', 5, 2, '10.00', '9', '8'),
('13', 1, 3, '10.00', '9', '8'),
('23', 2, 3, '15.00', '15', '10'),
('33', 3, 3, '12.00', '10', '8');

-- --------------------------------------------------------

--
-- Structure de la table `continent`
--

CREATE TABLE `continent` (
  `contnum` int(11) NOT NULL,
  `connomfr` varchar(20) NOT NULL,
  `connomgb` varchar(20) NOT NULL,
  `connomru` varchar(20) NOT NULL
) ENGINE=MyISAM DEFAULT CHARSET=utf8;

--
-- Déchargement des données de la table `continent`
--

INSERT INTO `continent` (`contnum`, `connomfr`, `connomgb`, `connomru`) VALUES
(1, 'Amérique du Nord', 'North America', ''),
(2, 'Amérique du Sud', 'South America', ''),
(3, 'Antarctique', 'Antarctic', ''),
(4, 'Asie', 'Asia', ''),
(5, 'Europe', 'Europe', ''),
(6, 'Afrique', 'Africa', ''),
(7, 'Océanie', 'Oceania', '');

-- --------------------------------------------------------

--
-- Structure de la table `detaildevis`
--

CREATE TABLE `detaildevis` (
  `devinum` int(12) NOT NULL,
  `contcode` char(2) NOT NULL,
  `qtecont` int(2) NOT NULL
) ENGINE=MyISAM DEFAULT CHARSET=utf8;

--
-- Déchargement des données de la table `detaildevis`
--

INSERT INTO `detaildevis` (`devinum`, `contcode`, `qtecont`) VALUES
(2, '21', 10),
(3, '33', 50),
(4, '51', 5),
(5, '12', 5),
(6, '32', 4),
(7, '11', 10),
(8, '41', 15);

-- --------------------------------------------------------

--
-- Structure de la table `devis`
--

CREATE TABLE `devis` (
  `devinum` int(12) NOT NULL,
  `devetat` int(1) NOT NULL,
  `portA` char(5) NOT NULL,
  `portD` char(5) NOT NULL,
  `dateDpt` date NOT NULL,
  `dateArv` date NOT NULL,
  `devdat` date NOT NULL,
  `devcli` int(5) NOT NULL,
  `duree` int(3) NOT NULL,
  `numfact` int(12) DEFAULT NULL
) ENGINE=MyISAM DEFAULT CHARSET=utf8;

--
-- Déchargement des données de la table `devis`
--

INSERT INTO `devis` (`devinum`, `devetat`, `portA`, `portD`, `dateDpt`, `dateArv`, `devdat`, `devcli`, `duree`, `numfact`) VALUES
(2, 2, '1595', '9985', '2023-01-01', '2023-05-31', '2023-03-29', 11, 151, 1),
(3, 1, '55150', '28930', '2023-04-01', '2023-08-27', '2023-03-29', 11, 149, NULL),
(4, 3, '57840', '160', '2026-01-01', '2024-09-17', '2023-03-29', 11, 472, NULL),
(5, 1, '57760', '18890', '2023-03-23', '2024-09-17', '2023-03-29', 11, 545, NULL),
(6, 2, '34420', '30900', '2023-01-01', '2025-01-01', '2023-03-29', 10, 732, 2),
(7, 1, '46070', '8180', '2023-03-03', '2023-09-03', '2023-03-29', 10, 185, NULL),
(8, 1, '56660', '13840', '2023-03-02', '2024-06-02', '2023-03-29', 10, 459, NULL);

-- --------------------------------------------------------

--
-- Structure de la table `etat`
--

CREATE TABLE `etat` (
  `numetat` int(1) NOT NULL,
  `etatlibel` varchar(10) NOT NULL
) ENGINE=MyISAM DEFAULT CHARSET=utf8;

--
-- Déchargement des données de la table `etat`
--

INSERT INTO `etat` (`numetat`, `etatlibel`) VALUES
(1, 'En cours'),
(2, 'Validée'),
(3, 'Supprimée'),
(4, 'Régler');

-- --------------------------------------------------------

--
-- Structure de la table `pays`
--

CREATE TABLE `pays` (
  `payscode` char(2) NOT NULL,
  `paysnomfr` varchar(45) NOT NULL,
  `paysnomgb` varchar(45) NOT NULL,
  `payscont` int(11) NOT NULL
) ENGINE=MyISAM DEFAULT CHARSET=utf8;

--
-- Déchargement des données de la table `pays`
--

INSERT INTO `pays` (`payscode`, `paysnomfr`, `paysnomgb`, `payscont`) VALUES
('AF', 'Afghanistan', 'Afghanistan', 4),
('AL', 'Albanie', 'Albania', 5),
('CW', 'Curaçao', 'Curaçao', 2),
('ME', 'Monténégro', 'Monténégro', 5),
('SX', 'Saint-Martin', 'Saint-Martin', 2),
('AQ', 'Antarctique', 'Antarctica', 3),
('DZ', 'Algérie', 'Algeria', 6),
('AS', 'Samoa Américaines', 'American Samoa', 7),
('AD', 'Andorre', 'Andorra', 5),
('AO', 'Angola', 'Angola', 6),
('AG', 'Antigua-et-Barbuda', 'Antigua and Barbuda', 1),
('AZ', 'Azerbaïdjan', 'Azerbaijan', 4),
('AR', 'Argentine', 'Argentina', 2),
('AU', 'Australie', 'Australia', 7),
('AT', 'Autriche', 'Austria', 5),
('BS', 'Bahamas', 'Bahamas', 1),
('BH', 'Bahreïn', 'Bahrain', 4),
('BD', 'Bangladesh', 'Bangladesh', 4),
('AM', 'Arménie', 'Armenia', 4),
('BB', 'Barbade', 'Barbados', 1),
('BE', 'Belgique', 'Belgium', 5),
('BM', 'Bermudes', 'Bermuda', 1),
('BT', 'Bhoutan', 'Bhutan', 4),
('BO', 'Bolivie', 'Bolivia', 2),
('BQ', 'Pays-Bas caribéen', 'Pays-Bas Aruba', 2),
('BA', 'Bosnie-Herzégovine', 'Bosnia and Herzegovina', 5),
('BW', 'Botswana', 'Botswana', 6),
('BV', 'Île Bouvet', 'Bouvet Island', 3),
('BR', 'Brésil', 'Brazil', 2),
('BZ', 'Belize', 'Belize', 1),
('IO', 'Territoire Britannique de l\'Océan Indien', 'British Indian Ocean Territory', 4),
('SB', 'Îles Salomon', 'Solomon Islands', 7),
('VG', 'Îles Vierges Britanniques', 'British Virgin Islands', 1),
('BN', 'Brunéi Darussalam', 'Brunei Darussalam', 4),
('BG', 'Bulgarie', 'Bulgaria', 5),
('MM', 'Myanmar', 'Myanmar', 4),
('BI', 'Burundi', 'Burundi', 6),
('BY', 'Bélarus', 'Belarus', 5),
('KH', 'Cambodge', 'Cambodia', 4),
('CM', 'Cameroun', 'Cameroon', 6),
('CA', 'Canada', 'Canada', 1),
('CV', 'Cap-vert', 'Cape Verde', 6),
('KY', 'Îles Caïmanes', 'Cayman Islands', 1),
('CF', 'République Centrafricaine', 'Central African', 6),
('LK', 'Sri Lanka', 'Sri Lanka', 4),
('TD', 'Tchad', 'Chad', 6),
('CL', 'Chili', 'Chile', 2),
('CN', 'Chine', 'China', 4),
('TW', 'Taïwan', 'Taiwan', 4),
('CX', 'Île Christmas', 'Christmas Island', 4),
('CC', 'Îles Cocos (Keeling)', 'Cocos (Keeling) Islands', 4),
('CO', 'Colombie', 'Colombia', 2),
('KM', 'Comores', 'Comoros', 6),
('YT', 'Mayotte', 'Mayotte', 6),
('CG', 'République du Congo', 'Republic of the Congo', 6),
('CD', 'République Démocratique du Congo', 'The Democratic Republic Of The Congo', 6),
('CK', 'Îles Cook', 'Cook Islands', 7),
('CR', 'Costa Rica', 'Costa Rica', 1),
('HR', 'Croatie', 'Croatia', 5),
('CU', 'Cuba', 'Cuba', 1),
('CY', 'Chypre', 'Cyprus', 5),
('CZ', 'République Tchèque', 'Czech Republic', 5),
('BJ', 'Bénin', 'Benin', 6),
('DK', 'Danemark', 'Denmark', 5),
('DM', 'Dominique', 'Dominica', 1),
('DO', 'République Dominicaine', 'Dominican Republic', 1),
('EC', 'Équateur', 'Ecuador', 2),
('SV', 'El Salvador', 'El Salvador', 2),
('GQ', 'Guinée Équatoriale', 'Equatorial Guinea', 6),
('ET', 'Éthiopie', 'Ethiopia', 6),
('ER', 'Érythrée', 'Eritrea', 6),
('EE', 'Estonie', 'Estonia', 5),
('FO', 'Îles Féroé', 'Faroe Islands', 5),
('FK', 'Îles (malvinas) Falkland', 'Falkland Islands', 2),
('GS', 'Géorgie du Sud et les Îles Sandwich du Sud', 'South Georgia and the South Sandwich Islands', 3),
('FJ', 'Fidji', 'Fiji', 7),
('FI', 'Finlande', 'Finland', 5),
('AX', 'Îles Åland', 'Åland Islands', 5),
('FR', 'France', 'France', 5),
('GF', 'Guyane Française', 'French Guiana', 2),
('PF', 'Polynésie Française', 'French Polynesia', 7),
('TF', 'Terres Australes Françaises', 'French Southern Territories', 3),
('DJ', 'Djibouti', 'Djibouti', 6),
('GA', 'Gabon', 'Gabon', 6),
('GE', 'Géorgie', 'Georgia', 5),
('GM', 'Gambie', 'Gambia', 6),
('PS', 'Territoire Palestinien Occupé', 'Occupied Palestinian Territory', 4),
('DE', 'Allemagne', 'Germany', 5),
('GH', 'Ghana', 'Ghana', 6),
('GI', 'Gibraltar', 'Gibraltar', 5),
('KI', 'Kiribati', 'Kiribati', 7),
('GR', 'Grèce', 'Greece', 5),
('GL', 'Groenland', 'Greenland', 5),
('GD', 'Grenade', 'Grenada', 1),
('GP', 'Guadeloupe', 'Guadeloupe', 1),
('GU', 'Guam', 'Guam', 7),
('GT', 'Guatemala', 'Guatemala', 1),
('GN', 'Guinée', 'Guinea', 6),
('GY', 'Guyana', 'Guyana', 2),
('HT', 'Haïti', 'Haiti', 1),
('HM', 'Îles Heard et Mcdonald', 'Heard Island and McDonald Islands', 7),
('VA', 'Saint-Siège (état de la Cité du Vatican)', 'Vatican City State', 5),
('HN', 'Honduras', 'Honduras', 1),
('HK', 'Hong-Kong', 'Hong Kong', 4),
('HU', 'Hongrie', 'Hungary', 5),
('IS', 'Islande', 'Iceland', 5),
('IN', 'Inde', 'India', 4),
('ID', 'Indonésie', 'Indonesia', 4),
('IR', 'République Islamique d\'Iran', 'Islamic Republic of Iran', 4),
('IQ', 'Iraq', 'Iraq', 4),
('IE', 'Irlande', 'Ireland', 5),
('IL', 'Israël', 'Israel', 4),
('IT', 'Italie', 'Italy', 5),
('CI', 'Côte d\'Ivoire', 'Côte d\'Ivoire', 6),
('JM', 'Jamaïque', 'Jamaica', 1),
('JP', 'Japon', 'Japan', 4),
('KZ', 'Kazakhstan', 'Kazakhstan', 4),
('JO', 'Jordanie', 'Jordan', 4),
('KE', 'Kenya', 'Kenya', 6),
('KP', 'République Populaire Démocratique de Corée', 'Democratic People\'s Republic of Korea', 4),
('KR', 'République de Corée', 'Republic of Korea', 4),
('KW', 'Koweït', 'Kuwait', 4),
('KG', 'Kirghizistan', 'Kyrgyzstan', 4),
('LA', 'République Démocratique Populaire Lao', 'Lao People\'s Democratic Republic', 4),
('LB', 'Liban', 'Lebanon', 4),
('LS', 'Lesotho', 'Lesotho', 6),
('LV', 'Lettonie', 'Latvia', 5),
('LR', 'Libéria', 'Liberia', 6),
('LY', 'Jamahiriya Arabe Libyenne', 'Libyan Arab Jamahiriya', 4),
('LI', 'Liechtenstein', 'Liechtenstein', 5),
('LT', 'Lituanie', 'Lithuania', 5),
('LU', 'Luxembourg', 'Luxembourg', 5),
('MO', 'Macao', 'Macao', 4),
('MG', 'Madagascar', 'Madagascar', 7),
('MW', 'Malawi', 'Malawi', 6),
('MY', 'Malaisie', 'Malaysia', 4),
('MV', 'Maldives', 'Maldives', 4),
('ML', 'Mali', 'Mali', 6),
('MT', 'Malte', 'Malta', 5),
('MQ', 'Martinique', 'Martinique', 1),
('MR', 'Mauritanie', 'Mauritania', 6),
('MU', 'Maurice', 'Mauritius', 6),
('MX', 'Mexique', 'Mexico', 1),
('MC', 'Monaco', 'Monaco', 5),
('MN', 'Mongolie', 'Mongolia', 4),
('MD', 'République de Moldova', 'Republic of Moldova', 5),
('MS', 'Montserrat', 'Montserrat', 5),
('MA', 'Maroc', 'Morocco', 6),
('MZ', 'Mozambique', 'Mozambique', 6),
('OM', 'Oman', 'Oman', 4),
('NA', 'Namibie', 'Namibia', 6),
('NR', 'Nauru', 'Nauru', 7),
('NP', 'Népal', 'Nepal', 4),
('NL', 'Pays-Bas', 'Netherlands', 5),
('AN', 'Antilles Néerlandaises', 'Netherlands Antilles', 1),
('AW', 'Aruba', 'Aruba', 2),
('NC', 'Nouvelle-Calédonie', 'New Caledonia', 7),
('VU', 'Vanuatu', 'Vanuatu', 7),
('NZ', 'Nouvelle-Zélande', 'New Zealand', 7),
('NI', 'Nicaragua', 'Nicaragua', 1),
('NE', 'Niger', 'Niger', 6),
('NG', 'Nigéria', 'Nigeria', 6),
('NU', 'Niué', 'Niue', 7),
('NF', 'Île Norfolk', 'Norfolk Island', 7),
('NO', 'Norvège', 'Norway', 5),
('MP', 'Îles Mariannes du Nord', 'Northern Mariana Islands', 7),
('UM', 'Îles Mineures Éloignées des États-Unis', 'United States Minor Outlying Islands', 1),
('FM', 'États Fédérés de Micronésie', 'Federated States of Micronesia', 7),
('MH', 'Îles Marshall', 'Marshall Islands', 7),
('PW', 'Palaos', 'Palau', 7),
('PK', 'Pakistan', 'Pakistan', 4),
('PA', 'Panama', 'Panama', 1),
('PG', 'Papouasie-Nouvelle-Guinée', 'Papua New Guinea', 7),
('PY', 'Paraguay', 'Paraguay', 2),
('PE', 'Pérou', 'Peru', 2),
('PH', 'Philippines', 'Philippines', 4),
('PN', 'Pitcairn', 'Pitcairn', 7),
('PL', 'Pologne', 'Poland', 5),
('PT', 'Portugal', 'Portugal', 5),
('GW', 'Guinée-Bissau', 'Guinea-Bissau', 6),
('TL', 'Timor-Leste', 'Timor-Leste', 4),
('PR', 'Porto Rico', 'Puerto Rico', 1),
('QA', 'Qatar', 'Qatar', 4),
('RE', 'Réunion', 'Réunion', 6),
('RO', 'Roumanie', 'Romania', 5),
('RU', 'Fédération de Russie', 'Russian Federation', 5),
('RW', 'Rwanda', 'Rwanda', 6),
('SH', 'Sainte-Hélène', 'Saint Helena', 6),
('KN', 'Saint-Kitts-et-Nevis', 'Saint Kitts and Nevis', 1),
('AI', 'Anguilla', 'Anguilla', 1),
('LC', 'Sainte-Lucie', 'Saint Lucia', 1),
('PM', 'Saint-Pierre-et-Miquelon', 'Saint-Pierre and Miquelon', 1),
('VC', 'Saint-Vincent-et-les Grenadines', 'Saint Vincent and the Grenadines', 1),
('SM', 'Saint-Marin', 'San Marino', 5),
('ST', 'Sao Tomé-et-Principe', 'Sao Tome and Principe', 7),
('SA', 'Arabie Saoudite', 'Saudi Arabia', 4),
('SN', 'Sénégal', 'Senegal', 6),
('SC', 'Seychelles', 'Seychelles', 6),
('SL', 'Sierra Leone', 'Sierra Leone', 6),
('SG', 'Singapour', 'Singapore', 4),
('SK', 'Slovaquie', 'Slovakia', 5),
('VN', 'Viet Nam', 'Vietnam', 4),
('SI', 'Slovénie', 'Slovenia', 5),
('SO', 'Somalie', 'Somalia', 6),
('ZA', 'Afrique du Sud', 'South Africa', 6),
('ZW', 'Zimbabwe', 'Zimbabwe', 6),
('ES', 'Espagne', 'Spain', 5),
('EH', 'Sahara Occidental', 'Western Sahara', 6),
('SD', 'Soudan', 'Sudan', 6),
('SR', 'Suriname', 'Suriname', 2),
('SJ', 'Svalbard etÎle Jan Mayen', 'Svalbard and Jan Mayen', 5),
('SZ', 'Swaziland', 'Swaziland', 6),
('SE', 'Suède', 'Sweden', 5),
('CH', 'Suisse', 'Switzerland', 5),
('SY', 'République Arabe Syrienne', 'Syrian Arab Republic', 4),
('TJ', 'Tadjikistan', 'Tajikistan', 4),
('TH', 'Thaïlande', 'Thailand', 4),
('TG', 'Togo', 'Togo', 6),
('TK', 'Tokelau', 'Tokelau', 7),
('TO', 'Tonga', 'Tonga', 7),
('TT', 'Trinité-et-Tobago', 'Trinidad and Tobago', 2),
('AE', 'Émirats Arabes Unis', 'United Arab Emirates', 4),
('TN', 'Tunisie', 'Tunisia', 6),
('TR', 'Turquie', 'Turkey', 5),
('TM', 'Turkménistan', 'Turkmenistan', 4),
('TC', 'Îles Turks et Caïques', 'Turks and Caicos Islands', 1),
('TV', 'Tuvalu', 'Tuvalu', 7),
('UG', 'Ouganda', 'Uganda', 6),
('UA', 'Ukraine', 'Ukraine', 5),
('MK', 'L\'ex-République Yougoslave de Macédoine', 'The Former Yugoslav Republic of Macedonia', 5),
('EG', 'Égypte', 'Egypt', 6),
('GB', 'Royaume-Uni', 'United Kingdom', 5),
('IM', 'Île de Man', 'Isle of Man', 5),
('TZ', 'République-Unie de Tanzanie', 'United Republic Of Tanzania', 6),
('US', 'États-Unis', 'United States', 1),
('VI', 'Îles Vierges des États-Unis', 'U.S. Virgin Islands', 1),
('BF', 'Burkina Faso', 'Burkina Faso', 6),
('UY', 'Uruguay', 'Uruguay', 2),
('UZ', 'Ouzbékistan', 'Uzbekistan', 4),
('VE', 'Venezuela', 'Venezuela', 2),
('WF', 'Wallis et Futuna', 'Wallis and Futuna', 7),
('WS', 'Samoa', 'Samoa', 7),
('YE', 'Yémen', 'Yemen', 6),
('CS', 'Serbie-et-Monténégro', 'Serbia and Montenegro', 5),
('ZM', 'Zambie', 'Zambia', 6);

-- --------------------------------------------------------

--
-- Structure de la table `port`
--

CREATE TABLE `port` (
  `portcode` char(5) NOT NULL,
  `portnom` varchar(15) NOT NULL,
  `portpays` char(2) NOT NULL
) ENGINE=MyISAM DEFAULT CHARSET=utf8;

--
-- Déchargement des données de la table `port`
--

INSERT INTO `port` (`portcode`, `portnom`, `portpays`) VALUES
('70', 'KEFLAVIK', 'IS'),
('75', 'STRAUMSVIK', 'IS'),
('80', 'HAFNARFJORDUR', 'IS'),
('90', 'SKERJAFJORDUR', 'IS'),
('100', 'REYKJAVIK', 'IS'),
('105', 'GRUNDARTANGI', 'IS'),
('160', 'BILDUDALUR', 'IS'),
('170', 'THINGEYRI', 'IS'),
('185', 'BOLUNGAVIK', 'IS'),
('190', 'ISAFJORDUR', 'IS'),
('230', 'BLONDUOS', 'IS'),
('240', 'SKAGASTROND', 'IS'),
('250', 'SAUDARKROKUR', 'IS'),
('260', 'SIGLUFJORHURD', 'IS'),
('270', 'OLAFSFJORDHUR', 'IS'),
('280', 'DALVIK', 'IS'),
('310', 'AKUREYRI', 'IS'),
('320', 'HUSAVIK', 'IS'),
('330', 'KOPASKER', 'IS'),
('340', 'RAUFARHOFN', 'IS'),
('380', 'VOPNAFJORDHUR', 'IS'),
('400', 'SEYDHISFJORDHUR', 'IS'),
('420', 'NESKAUPSTADUR', 'IS'),
('430', 'ESKIFJORDHUR', 'IS'),
('450', 'BUDIR', 'IS'),
('470', 'DJUPIVOGUR', 'IS'),
('480', 'HORNABJORDUR', 'IS'),
('510', 'VESTMANNAEYJAR', 'IS'),
('542', 'QUTDLEQ', 'GL'),
('543', 'KUSANARTOQ', 'GL'),
('560', 'NANORTALIK HAVN', 'GL'),
('580', 'QAQURTOQ', 'GL'),
('585', 'NARSAQ', 'GL'),
('590', 'NARSARSSUAQ', 'GL'),
('605', 'GRONNEDAL (KANG', 'GL'),
('610', 'PAAMUIT (FREDER', 'GL'),
('630', 'KANGERLUARSORUS', 'GL'),
('640', 'NUUK', 'GL'),
('670', 'MANIITSOQ', 'GL'),
('680', 'KANGAMIUT', 'GL'),
('690', 'SISIMIUT', 'GL'),
('695', 'KANGERLUSUAQ', 'GL'),
('700', 'ATTU', 'GL'),
('760', 'AASIAAT', 'GL'),
('790', 'QASIGIANNGUIT-C', 'GL'),
('810', 'ILLULISSAT (JAK', 'GL'),
('840', 'QEQERTARSUAQ', 'GL'),
('870', 'NIAQORNAT', 'GL'),
('890', 'UUMMANNAQ HARBO', 'GL'),
('940', 'KAJALLEQ UPERNA', 'GL'),
('960', 'UPERNAVIK', 'GL'),
('1000', 'PITUFFIK (THULE', 'GL'),
('3050', 'HAMILTON', 'CA'),
('3060', 'PORT DALHOUSIE', 'CA'),
('3070', 'PORT WELLER', 'CA'),
('3090', 'WELLAND', 'CA'),
('3092', 'THOROLD', 'CA'),
('3095', 'ST CATHERINE', 'CA'),
('3100', 'NIAGARA', 'CA'),
('3110', 'QUEENSTON', 'CA'),
('3130', 'CHAUMONT', 'US'),
('3150', 'SACKETS HARBOR', 'US'),
('3170', 'OSWEGO', 'US'),
('3190', 'SODUS BAY', 'US'),
('3200', 'ROCHESTER', 'US'),
('3220', 'YOUNGSTOWN', 'US'),
('3250', 'PORT COLBORNE', 'CA'),
('3260', 'PORT MAITLAND', 'CA'),
('3270', 'PORT DOVER', 'CA'),
('3310', 'PORT STANLEY', 'CA'),
('3320', 'RONDEAU', 'CA'),
('3330', 'PELEE I NORTH W', 'CA'),
('3340', 'PELEE I WEST DO', 'CA'),
('3350', 'LEAMINGTON', 'CA'),
('3360', 'KINGSVILLE', 'CA'),
('3380', 'AMHERSTBURG', 'CA'),
('3390', 'WINDSOR', 'CA'),
('3420', 'TONAWANDA', 'US'),
('3430', 'BUFFALO', 'US'),
('3440', 'DUNKIRK', 'US'),
('3450', 'ERIE', 'US'),
('3460', 'CONNEAUT', 'US'),
('3470', 'ASHTABULA', 'US'),
('3480', 'FAIRPORT', 'US'),
('3490', 'CLEVELAND', 'US'),
('3500', 'LORAIN', 'US'),
('3510', 'VERMILION', 'US'),
('3520', 'HURON', 'US'),
('3530', 'SANDUSKY', 'US'),
('3540', 'PORT CLINTON', 'US'),
('3550', 'PUT IN BAY', 'US'),
('3560', 'TOLEDO', 'US'),
('3570', 'MONROE', 'US'),
('3580', 'TRENTON', 'US'),
('3590', 'WYANDOTTE', 'US'),
('3610', 'ROUGE RIVER', 'US'),
('3620', 'DETROIT', 'US'),
('3650', 'WALPOLE ISLAND', 'CA'),
('3660', 'SOMBRA', 'CA'),
('3670', 'COURTRIGHT', 'CA'),
('3700', 'SARNIA', 'CA'),
('3710', 'POINT EDWARD', 'CA'),
('3730', 'GODERICH', 'CA'),
('3750', 'PORT ELGIN', 'CA'),
('3760', 'SOUTHAMPTON', 'CA'),
('3770', 'TOBERMORY', 'CA'),
('3790', 'LIONS HEAD', 'CA'),
('3810', 'WIARTON', 'CA'),
('3860', 'OWEN SOUND', 'CA'),
('3880', 'MEAFORD', 'CA'),
('3890', 'THORNBURY', 'CA'),
('3900', 'COLLINGWOOD', 'CA'),
('3930', 'PENETANGUISHENE', 'CA'),
('3940', 'MIDLAND', 'CA'),
('3950', 'TIFFIN', 'CA'),
('3960', 'PORT MCNICOLL', 'CA'),
('3970', 'VICTORIA HARBOU', 'CA'),
('3980', 'WAUBAUSHENE', 'CA'),
('4000', 'PORT SEVERN', 'CA'),
('4020', 'DEPOT HARBOUR', 'CA'),
('4030', 'PARRY SOUND', 'CA'),
('4050', 'BYNG INLET', 'CA'),
('4060', 'KEY HARBOUR', 'CA'),
('4080', 'KILLARNEY', 'CA'),
('4120', 'MANITOWANING', 'CA'),
('4130', 'SHEGUIANDAH', 'CA'),
('4140', 'LITTLE CURRENT', 'CA'),
('4150', 'HONORA', 'CA'),
('4160', 'KAGAWONG', 'CA'),
('4170', 'GORE BAY', 'CA'),
('4180', 'MELDRUM BAY', 'CA'),
('4200', 'BLIND RIVER', 'CA'),
('4210', 'COCKBURN', 'CA'),
('4220', 'THESSALON', 'CA'),
('4230', 'BRUCE MINES', 'CA'),
('4240', 'HILTON', 'CA'),
('4250', 'DESBARATS', 'CA'),
('4270', 'RICHARDS LANDIN', 'CA'),
('4290', 'SAULT STE MARIE', 'CA'),
('4320', 'ALGONAC', 'US'),
('4330', 'MARINE CITY', 'US'),
('4340', 'ST CLAIR', 'US'),
('4350', 'PORT HURON', 'US'),
('4370', 'HARBOR BEACH', 'US'),
('4380', 'PORT HOPE', 'US'),
('4400', 'BAY CITY', 'US'),
('4410', 'SAGINAW', 'US'),
('4420', 'ALABASTER', 'US'),
('4430', 'TAWAS CITY', 'US'),
('4450', 'AU SABLE', 'US'),
('4460', 'OSCODA', 'US'),
('4470', 'ALPENA', 'US'),
('4480', 'ROCKPORT', 'US'),
('4490', 'CALCITE', 'US'),
('4500', 'ROGERS CITY', 'US'),
('4510', 'CHEBOYGAN', 'US'),
('4520', 'MACKINAW CITY', 'US'),
('4530', 'MACKINAC ISLAND', 'US'),
('4540', 'ST IGNACE', 'US'),
('4560', 'SAULT STE MARIE', 'US'),
('4580', 'ST. JAMES HARBO', 'US'),
('4590', 'HARBOR SPRINGS', 'US'),
('4600', 'PETOSKEY', 'US'),
('4610', 'CHARLEVOIX', 'US'),
('4620', 'TRAVERSE CITY', 'US'),
('4630', 'LELAND', 'US'),
('4640', 'FRANKFORT', 'US'),
('4650', 'MANISTEE', 'US'),
('4670', 'LUDINGTON', 'US'),
('4680', 'WHITE LAKE', 'US'),
('4690', 'MUSKEGON', 'US'),
('4700', 'GRAND HAVEN', 'US'),
('4710', 'HOLLAND', 'US'),
('4720', 'SAUGATUCK', 'US'),
('4730', 'SOUTH HAVEN', 'US'),
('4740', 'ST JOSEPH', 'US'),
('4750', 'MICHIGAN CITY', 'US'),
('4760', 'GARY', 'US'),
('4770', 'BUFFINGTON', 'US'),
('4780', 'INDIANA HARBOR', 'US'),
('4790', 'CALUMET HARBOR', 'US'),
('4800', 'CHICAGO', 'US'),
('4810', 'WILMETTE', 'US'),
('4820', 'GREAT LAKES', 'US'),
('4830', 'WAUKEGAN', 'US'),
('4840', 'KENOSHA', 'US'),
('4850', 'RACINE', 'US'),
('4860', 'MILWAUKEE', 'US'),
('4870', 'PORT WASHINGTON', 'US'),
('4880', 'SHEBOYGAN', 'US'),
('4890', 'MANITOWOC', 'US'),
('4900', 'TWO RIVERS', 'US'),
('4910', 'KEWAUNEE', 'US'),
('4920', 'ALGOMA', 'US'),
('4930', 'STURGEON BAY', 'US'),
('4940', 'GREEN BAY', 'US'),
('4950', 'DEPERE', 'US'),
('4960', 'KAUKAUNA', 'US'),
('5010', 'OCONTO', 'US'),
('5020', 'MARINETTE', 'US'),
('5030', 'MENOMINEE', 'US'),
('5050', 'ESCANABA', 'US'),
('5060', 'GLADSTONE', 'US'),
('5070', 'NAHMA', 'US'),
('5100', 'MANISTIQUE', 'US'),
('5110', 'PORT INLAND', 'US'),
('5130', 'GOULAIS BAY', 'CA'),
('5140', 'BATCHAWANA BAY', 'CA'),
('5150', 'GARGANTUA', 'CA'),
('5160', 'MICHIPICOTEN', 'CA'),
('5170', 'QUEBEC HARBOUR', 'CA'),
('5180', 'HERON BAY', 'CA'),
('5210', 'THUNDER BAY', 'CA'),
('5260', 'GRAND MARAIS', 'US'),
('5270', 'MUNISING', 'US'),
('5280', 'MARQUETTE', 'US'),
('5290', 'PRESQUE ISLE', 'US'),
('5310', 'L ANSE', 'US'),
('5320', 'BARAGA', 'US'),
('5350', 'COPPER HARBOR', 'US'),
('5360', 'EAGLE HARBOR', 'US'),
('5370', 'HOUGHTON', 'US'),
('5380', 'ONTONAGON', 'US'),
('5390', 'ASHLAND', 'US'),
('5400', 'WASHBURN', 'US'),
('5410', 'BAYFIELD', 'US'),
('5420', 'LA POINTE', 'US'),
('5430', 'CORNUCOPIA', 'US'),
('5440', 'PORT WING', 'US'),
('5450', 'SUPERIOR', 'US'),
('5460', 'DULUTH', 'US'),
('5470', 'TWO HARBORS', 'US'),
('5480', 'GRAND MARAIS', 'US'),
('5490', 'WASHINGTON HARB', 'US'),
('5510', 'GASPE', 'CA'),
('5520', 'DOUGLASTOWN', 'CA'),
('5540', 'CHANDLER', 'CA'),
('5560', 'DALHOUSIE', 'CA'),
('5600', 'CARAQUET', 'CA'),
('5620', 'SHIPPEGAN', 'CA'),
('5680', 'SHEDIAC', 'CA'),
('5710', 'ALBERTON', 'CA'),
('5730', 'SOURIS HARBOUR', 'CA'),
('5740', 'GEORGETOWN', 'CA'),
('5750', 'CHARLOTTETOWN', 'CA'),
('5770', 'SUMMERSIDE', 'CA'),
('5800', 'PICTOU', 'CA'),
('5870', 'PORT HAWKESBURY', 'CA'),
('5880', 'PORT HASTINGS', 'CA'),
('5920', 'CHETICAMP', 'CA'),
('5960', 'WHYCOCOMAGH', 'CA'),
('5970', 'GRAND NARROWS', 'CA'),
('5980', 'LITTLE BRAS D O', 'CA'),
('5990', 'NORTH SYDNEY', 'CA'),
('6000', 'SYDNEY', 'CA'),
('6020', 'LOUISBURG', 'CA'),
('6050', 'ARICHAT', 'CA'),
('6080', 'GUYSBOROUGH', 'CA'),
('6100', 'CANSO', 'CA'),
('6110', 'WHITEHAVEN HARB', 'CA'),
('6170', 'GOLDSBORO', 'CA'),
('6190', 'STORMONT', 'CA'),
('6220', 'SONORA', 'CA'),
('6330', 'MUSQUODOBOIT HA', 'CA'),
('6340', 'HALIFAX', 'CA'),
('6350', 'SAMBRO', 'CA'),
('6390', 'LUNENBURG', 'CA'),
('6410', 'LIVERPOOL (BROO', 'CA'),
('6420', 'LOCKEPORT', 'CA'),
('6460', 'YARMOUTH', 'CA'),
('6470', 'DIGBY', 'CA'),
('6480', 'ANNAPOLIS ROYAL', 'CA'),
('6500', 'WINDSOR', 'CA'),
('6545', 'CANAPORT (ST. J', 'CA'),
('6550', 'ST JOHN', 'CA'),
('6575', 'PORT BAYSIDE NB', 'CA'),
('6600', 'EASTPORT', 'US'),
('6610', 'LUBEC', 'US'),
('6620', 'MACHIASPORT', 'US'),
('6630', 'MACHIAS', 'US'),
('6640', 'JONESPORT', 'US'),
('6650', 'WYMAN', 'US'),
('6660', 'MILBRIDGE', 'US'),
('6670', 'COREA', 'US'),
('6680', 'WINTER HARBOR', 'US'),
('6690', 'SORRENTO', 'US'),
('6700', 'BAR HARBOR', 'US'),
('6710', 'NORTHEAST HARBO', 'US'),
('6720', 'SOUTHWEST HARBO', 'US'),
('6730', 'MOUNT DESERT', 'US'),
('6740', 'FRENCHBORO', 'US'),
('6750', 'MINTURN', 'US'),
('6760', 'SWANS ISLAND', 'US'),
('6770', 'BASS HARBOR', 'US'),
('6780', 'ELLSWORTH', 'US'),
('6790', 'BROOKLIN', 'US'),
('6800', 'BUCKS HARBOR', 'US'),
('6810', 'STONINGTON', 'US'),
('6820', 'CRIEHAVEN', 'US'),
('6830', 'MATINICUS', 'US'),
('6840', 'VINALHAVEN', 'US'),
('6850', 'NORTH HAVEN', 'US'),
('6860', 'CASTINE', 'US'),
('6870', 'SANDYPOINT', 'US'),
('6880', 'BUCKSPORT', 'US'),
('6890', 'WINTERPORT', 'US'),
('6900', 'BANGOR', 'US'),
('6910', 'SEARSPORT', 'US'),
('6920', 'BELFAST', 'US'),
('6940', 'CAMDEN', 'US'),
('6950', 'ROCKPORT', 'US'),
('6960', 'ROCKLAND', 'US'),
('6970', 'MONHEGAN', 'US'),
('6980', 'PORT CLYDE', 'US'),
('6990', 'THOMASTON', 'US'),
('7000', 'FRIENDSHIP', 'US'),
('7010', 'NEW HARBOR', 'US'),
('7020', 'PEMAQUID BEACH', 'US'),
('7030', 'SOUTH BRISTOL', 'US'),
('7040', 'BOOTHBAY HARBOR', 'US'),
('7070', 'ROBINHOOD', 'US'),
('7080', 'BATH', 'US'),
('7100', 'GARDINER', 'US'),
('7120', 'AUGUSTA', 'US'),
('7130', 'CUNDY HARBOR', 'US'),
('7140', 'SOUTH HARPSWELL', 'US'),
('7150', 'PORTLAND', 'US'),
('7160', 'SACO', 'US'),
('7170', 'KENNEBUNKPORT', 'US'),
('7180', 'PORTSMOUTH', 'US'),
('7190', 'NEWBURYPORT', 'US'),
('7200', 'ROCKPORT', 'US'),
('7210', 'GLOUCESTER', 'US'),
('7220', 'BEVERLY', 'US'),
('7225', 'SALEM', 'US'),
('7230', 'MARBLEHEAD', 'US'),
('7240', 'LYNN', 'US'),
('7250', 'BOSTON', 'US'),
('7260', 'QUINCY', 'US'),
('7270', 'SCITUATE', 'US'),
('7280', 'PLYMOUTH', 'US'),
('7290', 'PROVINCETOWN', 'US'),
('7310', 'HYANNIS', 'US'),
('7315', 'HYANNIS PORT', 'US'),
('7320', 'FALMOUTH', 'US'),
('7330', 'NANTUCKET', 'US'),
('7340', 'EDGARTOWN', 'US'),
('7350', 'VINEYARD HAVEN', 'US'),
('7360', 'WOODS HOLE', 'US'),
('7370', 'NEW BEDFORD', 'US'),
('7380', 'NEWPORT', 'US'),
('7400', 'FALL RIVER', 'US'),
('7405', 'TIVERTON', 'US'),
('7410', 'BRISTOL', 'US'),
('7420', 'PROVIDENCE', 'US'),
('7430', 'QUONSET POINT', 'US'),
('7440', 'DAVISVILLE DEPO', 'US'),
('7450', 'MONTAUK HARBOR', 'US'),
('7460', 'GREENPORT', 'US'),
('7470', 'STONINGTON', 'US'),
('7480', 'NOANK', 'US'),
('7490', 'MYSTIC', 'US'),
('7500', 'NEW LONDON', 'US'),
('7510', 'NORWICH', 'US'),
('1020', 'POND INLET', 'CA'),
('1035', 'PADLOPING ISLAN', 'CA'),
('1040', 'PANGNIRTUNG', 'CA'),
('1090', 'CHURCHILL', 'CA'),
('1335', 'GOOSE BAY', 'CA'),
('1430', 'CONCHE', 'CA'),
('1431', 'RODDICKTON', 'CA'),
('1460', 'WESTPORT COVE', 'CA'),
('1470', 'SEAL COVE', 'CA'),
('1510', 'LITTLE BAY', 'CA'),
('1515', 'SPRINGDALE', 'CA'),
('1525', 'FORTUNE HARBOR', 'CA'),
('1580', 'TWILLINGATE HAR', 'CA'),
('1595', 'BONAVISTA HARBO', 'CA'),
('1600', 'CATALINA HARBOR', 'CA'),
('1605', 'PORT UNION', 'CA'),
('1611', 'CLARENVILLE', 'CA'),
('1620', 'CARBONEAR BAY', 'CA'),
('1630', 'HARBOR GRACE', 'CA'),
('1670', 'ST JOHN\'S', 'CA'),
('1690', 'TREPASSEY HARBO', 'CA'),
('1710', 'ARGENTIA', 'CA'),
('1715', 'COME BY CHANCE ', 'CA'),
('1750', 'PORT DE ST PIER', 'CA'),
('1785', 'GRAND BANK', 'CA'),
('1790', 'BURGEO', 'CA'),
('1795', 'PORT AUX BASQUE', 'CA'),
('1810', 'STEPHENVILLE', 'CA'),
('1820', 'ST GEORGE\'S', 'CA'),
('1830', 'CORNER BROOK', 'CA'),
('1880', 'BLANC SABLON', 'CA'),
('1890', 'HAVRE ST PIERRE', 'CA'),
('1900', 'MINGAN', 'CA'),
('1955', 'SEPT ILES', 'CA'),
('1957', 'POINTE NOIRE', 'CA'),
('1958', 'PORT CARTIER', 'CA'),
('1990', 'MATANE', 'CA'),
('2015', 'BAIE COMEAU', 'CA'),
('2030', 'RIMOUSKI', 'CA'),
('2100', 'TADOUSSAC', 'CA'),
('2110', 'LA BAIE (PORT A', 'CA'),
('2130', 'CHICOUTIMI (POR', 'CA'),
('2150', 'RIVIERE DU LOUP', 'CA'),
('2180', 'QUEBEC', 'CA'),
('2200', 'PORT DE BECANCO', 'CA'),
('2210', 'TROIS RIVIERES', 'CA'),
('2220', 'SOREL', 'CA'),
('2235', 'MONTREAL', 'CA'),
('2300', 'VAUDREUIL', 'CA'),
('2310', 'OKA SUR LE LAC', 'CA'),
('2320', 'HUDSON', 'CA'),
('2330', 'ST PLACIDE', 'CA'),
('2340', 'ST ANDREWS EAST', 'CA'),
('2350', 'CARILLON', 'CA'),
('2370', 'CHUTE A BLONDEA', 'CA'),
('2380', 'GRENVILLE', 'CA'),
('2390', 'HAWKESBURY', 'CA'),
('2400', 'FASSETT', 'CA'),
('2420', 'MONTEBELLO', 'CA'),
('2430', 'PAPINEAUVILLE', 'CA'),
('2460', 'THURSO', 'CA'),
('2470', 'ROCKLAND', 'CA'),
('2480', 'CUMBERLAND', 'CA'),
('2490', 'MASSON', 'CA'),
('2510', 'GATINEAU', 'CA'),
('2520', 'OTTAWA', 'CA'),
('2530', 'HULL', 'CA'),
('2550', 'BEAUHARNOIS', 'CA'),
('2560', 'COTEAU LANDING', 'CA'),
('2570', 'ST ZOTIQUE', 'CA'),
('2590', 'ST ANICET', 'CA'),
('2600', 'SOUTH LANCASTER', 'CA'),
('2620', 'CORNWALL', 'CA'),
('2670', 'CARDINAL', 'CA'),
('2680', 'LOWER LAKES TER', 'CA'),
('2700', 'BROCKVILLE', 'CA'),
('2710', 'ROCKPORT', 'CA'),
('2720', 'GANANOQUE', 'CA'),
('2730', 'WOLFE ISLAND', 'CA'),
('2740', 'KINGSTON', 'CA'),
('2770', 'OGDENSBURG', 'US'),
('2790', 'ALEXANDRIA BAY', 'US'),
('2800', 'CLAYTON', 'US'),
('2830', 'MILLHAVEN', 'CA'),
('2880', 'PICTON', 'CA'),
('2930', 'BELLEVILLE', 'CA'),
('2940', 'TRENTON', 'CA'),
('2960', 'COBOURG', 'CA'),
('2970', 'PORT HOPE', 'CA'),
('2975', 'CONTRECOUR', 'CA'),
('2980', 'OSHAWA', 'CA'),
('2990', 'PORT WHITBY', 'CA'),
('3000', 'TORONTO', 'CA'),
('3010', 'PORT CREDIT', 'CA'),
('3015', 'CLARKSON', 'CA'),
('3020', 'OAKVILLE', 'CA'),
('3030', 'BRONTE', 'CA'),
('7520', 'ESSEX', 'US'),
('7550', 'NEW HAVEN', 'US'),
('7560', 'PORT JEFFERSON', 'US'),
('7570', 'BRIDGEPORT', 'US'),
('7580', 'SOUTHPORT', 'US'),
('7590', 'NORWALK', 'US'),
('7600', 'STAMFORD', 'US'),
('7610', 'GREENWICH', 'US'),
('7620', 'PORT CHESTER', 'US'),
('7625', 'CITY ISLAND', 'US'),
('7630', 'BROOKLYN', 'US'),
('7640', 'NEW YORK CITY', 'US'),
('7641', 'PATCHOGUE', 'US'),
('7650', 'YONKERS', 'US'),
('7660', 'NEWBURGH', 'US'),
('7670', 'POUGHKEEPSIE', 'US'),
('7680', 'KINGSTON', 'US'),
('7690', 'CATSKILL', 'US'),
('7720', 'ALBANY', 'US'),
('7730', 'RENSSELAER', 'US'),
('7740', 'TROY', 'US'),
('7750', 'EDGEWATER', 'US'),
('7760', 'WEEHAWKEN', 'US'),
('7770', 'HOBOKEN', 'US'),
('7780', 'JERSEY CITY', 'US'),
('7790', 'BAYONNE', 'US'),
('7810', 'NEWARK', 'US'),
('7820', 'ELIZABETHPORT', 'US'),
('7830', 'STAPLETON SI', 'US'),
('7840', 'TOMPKINSVILLE S', 'US'),
('7850', 'PORT RICHMOND S', 'US'),
('7860', 'MARINERS HARBOR', 'US'),
('7870', 'GULFPORT SI', 'US'),
('7890', 'PORT SOCONY', 'US'),
('7895', 'BAYWAY', 'US'),
('7900', 'GRASSELLI', 'US'),
('7910', 'CARTERET', 'US'),
('7920', 'CHROME', 'US'),
('7930', 'PORT READING', 'US'),
('7940', 'SEWAREN', 'US'),
('7950', 'MAURER', 'US'),
('7960', 'PERTH AMBOY', 'US'),
('7970', 'SAYREVILLE', 'US'),
('7980', 'SOUTH AMBOY', 'US'),
('7990', 'LEONARDO', 'US'),
('8000', 'BARNEGAT', 'US'),
('8020', 'ATLANTIC CITY', 'US'),
('8025', 'SALEM NJ', 'US'),
('8030', 'NEW CASTLE', 'US'),
('8040', 'DEEPWATER POINT', 'US'),
('8050', 'WILMINGTON', 'US'),
('8070', 'MARCUS HOOK', 'US'),
('8080', 'CHESTER', 'US'),
('8110', 'PHILADELPHIA', 'US'),
('8115', 'PAULSBORO', 'US'),
('8120', 'GLOUCESTER', 'US'),
('8130', 'CAMDEN', 'US'),
('8140', 'BURLINGTON', 'US'),
('8150', 'BRISTOL', 'US'),
('8160', 'TRENTON', 'US'),
('8170', 'OCEAN CITY', 'US'),
('8180', 'CAPE CHARLES', 'US'),
('8190', 'SALISBURY', 'US'),
('8200', 'HAVRE DE GRACE', 'US'),
('8210', 'BALTIMORE', 'US'),
('8225', 'ANNAPOLIS', 'US'),
('8227', 'SOLOMONS ISLAND', 'US'),
('8230', 'WASHINGTON D.C.', 'US'),
('8240', 'ALEXANDRIA', 'US'),
('8245', 'PINEY POINT', 'US'),
('8250', 'YORKTOWN', 'US'),
('8260', 'WEST POINT', 'US'),
('8270', 'FREDERICKSBURG', 'US'),
('8280', 'NORFOLK', 'US'),
('8290', 'PORTSMOUTH', 'US'),
('8300', 'NEWPORT NEWS', 'US'),
('8318', 'WARWICK', 'US'),
('8320', 'RICHMOND', 'US'),
('8325', 'ELIZABETH CITY', 'US'),
('8330', 'HERTFORD', 'US'),
('8340', 'EDENTON', 'US'),
('8350', 'PLYMOUTH', 'US'),
('8370', 'COLUMBIA', 'US'),
('8380', 'BELHAVEN', 'US'),
('8390', 'WASHINGTON', 'US'),
('8400', 'BAYBORO', 'US'),
('8410', 'NEW BERN', 'US'),
('8420', 'BEAUFORT', 'US'),
('8430', 'MOREHEAD CITY', 'US'),
('8440', 'SWANSBORO', 'US'),
('8460', 'WRIGHTSVILLE', 'US'),
('8470', 'WILMINGTON', 'US'),
('8480', 'SOUTHPORT', 'US'),
('8490', 'GEORGETOWN', 'US'),
('8500', 'CHARLESTON', 'US'),
('8510', 'PORT ROYAL', 'US'),
('8520', 'BEAUFORT', 'US'),
('8530', 'SAVANNAH', 'US'),
('8540', 'DARIEN', 'US'),
('8550', 'BRUNSWICK', 'US'),
('8560', 'FERNANDINA BEAC', 'US'),
('8570', 'MAYPORT', 'US'),
('8580', 'JACKSONVILLE', 'US'),
('8590', 'ST AUGUSTINE', 'US'),
('8595', 'CANAVERAL HARBO', 'US'),
('8600', 'FORT PIERCE', 'US'),
('8610', 'PALM BEACH', 'US'),
('8630', 'PORT EVERGLADES', 'US'),
('8640', 'MIAMI', 'US'),
('8660', 'KEY WEST', 'US'),
('8665', 'BOCA GRANDE', 'US'),
('8667', 'PORT MANATEE', 'US'),
('8670', 'TAMPA', 'US'),
('8680', 'ST PETERSBURG', 'US'),
('8700', 'TARPON SPRINGS', 'US'),
('8720', 'CARRABELLE', 'US'),
('8730', 'APALACHICOLA', 'US'),
('8740', 'PORT ST JOE', 'US'),
('8750', 'PANAMA CITY', 'US'),
('8760', 'PENSACOLA', 'US'),
('8770', 'MOBILE', 'US'),
('8780', 'PASCAGOULA', 'US'),
('8790', 'BILOXI', 'US'),
('8800', 'GULFPORT', 'US'),
('8810', 'SLIDELL', 'US'),
('8820', 'MADISONVILLE', 'US'),
('8822', 'SOUTHWEST PASS', 'US'),
('8830', 'PORT SULPHUR', 'US'),
('8850', 'GRETNA', 'US'),
('8860', 'NEW ORLEANS', 'US'),
('8870', 'PORT OF MEMPHIS', 'US'),
('8890', 'TRI-CITY PORT', 'US'),
('8893', 'ST. JAMES', 'US'),
('8895', 'CONVENT', 'US'),
('8920', 'ST ROSE', 'US'),
('8930', 'RESERVE', 'US'),
('8940', 'DESTREHAN', 'US'),
('8970', 'BATON ROUGE', 'US'),
('8980', 'LOOP TERMINAL', 'US'),
('8990', 'GRAND ISLE', 'US'),
('9000', 'MORGAN CITY', 'US'),
('9030', 'HAYMARK TERMINA', 'US'),
('9040', 'LAKE CHARLES', 'US'),
('9050', 'SABINE', 'US'),
('9060', 'SABINE PASS', 'US'),
('9070', 'ORANGE', 'US'),
('9080', 'PORT ARTHUR', 'US'),
('9100', 'PORT NECHES', 'US'),
('9140', 'BEAUMONT', 'US'),
('9150', 'GALVESTON', 'US'),
('9160', 'TEXAS CITY', 'US'),
('9170', 'BAYTOWN', 'US'),
('9210', 'NORSWORTHY', 'US'),
('9220', 'PASADENA', 'US'),
('9230', 'SINCO', 'US'),
('9235', 'DEER PARK', 'US'),
('9240', 'HOUSTON', 'US'),
('9250', 'FREEPORT', 'US'),
('9260', 'PALACIOS', 'US'),
('9270', 'PORT LAVACA', 'US'),
('9280', 'PORT OCONNOR', 'US'),
('9290', 'ROCKPORT', 'US'),
('9300', 'CORPUS CHRISTI', 'US'),
('9310', 'PORT ARANSAS', 'US'),
('9320', 'PORT INGLESIDE', 'US'),
('9330', 'PORT ISABEL', 'US'),
('9340', 'BROWNSVILLE', 'US'),
('9355', 'ALTAMIRA', 'MX'),
('9360', 'TAMPICO', 'MX'),
('9370', 'TUXPAN', 'MX'),
('9380', 'VERACRUZ', 'MX'),
('9395', 'CAYO ARCAS TERM', 'MX'),
('9405', 'COATZACOALCOS', 'MX'),
('9410', 'NANCHITAL', 'MX'),
('9420', 'MINATITLAN', 'MX'),
('9425', 'DOS BOCAS TERMI', 'MX'),
('9440', 'FRONTERA', 'MX'),
('9490', 'CIUDAD DEL CARM', 'MX'),
('9500', 'CAMPECHE', 'MX'),
('9510', 'PROGRESO', 'MX'),
('9550', 'SAN MIGUEL DE C', 'MX'),
('9590', 'BELIZE CITY', 'BZ'),
('9620', 'PUERTO BARRIOS', 'GT'),
('9625', 'SANTO THOMAS DE', 'GT'),
('9650', 'PUERTO CORTES', 'HN'),
('9660', 'TELA', 'HN'),
('9665', 'PUERTO ESTE', 'HN'),
('9670', 'LA CEIBA', 'HN'),
('9675', 'COXEN HOLE', 'HN'),
('9680', 'TRUJILLO', 'HN'),
('9690', 'PUERTO CASTILLA', 'HN'),
('9760', 'PUERTO CABEZAS', 'NI'),
('9769', 'EL BLUFF', 'NI'),
('9770', 'BLUEFIELDS', 'NI'),
('9805', 'PUERTO MOIN', 'CR'),
('9810', 'PUERTO LIMON', 'CR'),
('9825', 'CHIRIQUI GRANDE', 'PA'),
('9830', 'ALMIRANTE', 'PA'),
('9840', 'BOCAS DEL TORO', 'PA'),
('9860', 'PUERTO CRISTOBA', 'PA'),
('9865', 'PUERTO COLON', 'PA'),
('9875', 'BAHIA DE LAS MI', 'PA'),
('9940', 'ST GEORGE\'S', 'BM'),
('9950', 'IRELAND ISLAND', 'BM'),
('9960', 'HAMILTON', 'BM'),
('9985', 'FREEPORT', 'BS'),
('9987', 'SOUTH RIDING PO', 'BS'),
('9990', 'NASSAU', 'BS'),
('9995', 'CLIFTON PIER', 'BS'),
('10006', 'COCKBURN TOWN', 'BS'),
('10010', 'MATTHEW TOWN', 'BS'),
('10020', 'GRAND TURK', 'TC'),
('10025', 'COCKBURN HARBOR', 'TC'),
('10080', 'CABANAS', 'CU'),
('10090', 'MARIEL', 'CU'),
('10100', 'BAHAI DE LA HAB', 'CU'),
('10110', 'MATANZAS', 'CU'),
('10120', 'CARDENAS', 'CU'),
('10130', 'ISABELA DE SAGU', 'CU'),
('10150', 'NUEVITAS BAY', 'CU'),
('10158', 'MANATI', 'CU'),
('10160', 'PUERTO PADRE', 'CU'),
('10230', 'ANTILLA', 'CU'),
('10250', 'FELTON', 'CU'),
('10260', 'NICARO', 'CU'),
('10270', 'BAHIA DE SAGUA ', 'CU'),
('10280', 'CAYO MOA GRANDE', 'CU'),
('10320', 'PUERTO GUANTANA', 'CU'),
('10370', 'SANTIAGO DE CUB', 'CU'),
('10420', 'MEDIA LUNA', 'CU'),
('10430', 'CEIBA HUECA', 'CU'),
('10460', 'MANZANILLO', 'CU'),
('10470', 'GUAYABAL', 'CU'),
('10500', 'JUCARO', 'CU'),
('10520', 'TUNAS DE ZAZA', 'CU'),
('10530', 'CASILDA', 'CU'),
('10540', 'CIENFUEGOS', 'CU'),
('10550', 'NUEVA GERONA', 'CU'),
('10580', 'GEORGETOWN', 'KY'),
('10585', 'CAYMAN BRAC', 'KY'),
('10600', 'LUCEA', 'JM'),
('10610', 'MONTEGO BAY', 'JM'),
('10620', 'FALMOUTH', 'JM'),
('10630', 'RIO BUENO', 'JM'),
('10660', 'OCHO RIOS', 'JM'),
('10710', 'PORT ANTONIO', 'JM'),
('10770', 'KINGSTON', 'JM'),
('10772', 'PORT ESQUIVEL', 'JM'),
('10773', 'ROCKY POINT', 'JM'),
('10775', 'PORT KAISER', 'JM'),
('10800', 'SAVANNAH LA MAR', 'JM'),
('10820', 'JACMEL', 'HT'),
('10860', 'MIRAGOANE', 'HT'),
('10870', 'PETIT GOAVE', 'HT'),
('10880', 'PORT AU PRINCE', 'HT'),
('10930', 'CAP HAITIEN', 'HT'),
('10960', 'PEPILLO SALCEDO', 'DO'),
('10980', 'PUERTO PLATA', 'DO'),
('11000', 'SANTA BARBARA D', 'DO'),
('11005', 'PUERTO BOTADO', 'DO'),
('11010', 'SANCHEZ', 'DO'),
('11020', 'LA ROMANA', 'DO'),
('11030', 'SAN PEDRO DE MA', 'DO'),
('11035', 'ANDRES (ANDRES ', 'DO'),
('11040', 'SANTO DOMINGO', 'DO'),
('11045', 'PUERTO DE HAINA', 'DO'),
('11048', 'PUNTA NIZAO OIL', 'DO'),
('11050', 'LAS CALDERAS', 'DO'),
('11060', 'PUERTO VIEJO DE', 'DO'),
('11070', 'SANTA CRUZ DE B', 'DO'),
('11075', 'CABO ROJO', 'DO'),
('11090', 'AGUADILLA', 'PR'),
('11100', 'ARECIBO', 'PR'),
('11110', 'SAN JUAN', 'PR'),
('11160', 'BAHIA DE FAJARD', 'PR'),
('11170', 'ENSENADA HONDA', 'PR'),
('11190', 'PLAYA DE HUMACA', 'PR'),
('11205', 'PUERTO YABUCOA', 'PR'),
('11230', 'ARROYO', 'PR'),
('11240', 'BAHIA DE JOBOS', 'PR'),
('11250', 'LAS MAREAS', 'PR'),
('11260', 'PLAYA DE PONCE', 'PR'),
('11270', 'PLAYA DE GUAYAN', 'PR'),
('11280', 'PLAYA DE GUANIC', 'PR'),
('11290', 'MAYAGUEZ', 'PR'),
('11310', 'CHARLOTTE AMALI', 'VI'),
('11320', 'CRUZ BAY', 'VI'),
('11330', 'FREDERIKSTED', 'VI'),
('11335', 'LIMETREE BAY', 'VI'),
('11336', 'PORT ALUCROIX', 'VI'),
('11340', 'CHRISTIANSTED', 'VI'),
('11350', 'ROAD HARBOR', 'VG'),
('11360', 'BAIE DU MARIGOT', 'FR'),
('11370', 'PHILLIPSBURG', 'SX'),
('11372', 'COLES BAY OIL T', 'SX'),
('11380', 'GUSTAVIA', 'GP'),
('11390', 'ORANJESTAD', 'BQ'),
('11400', 'BASSETERRE', 'KN'),
('11410', 'CHARLESTOWN', 'KN'),
('11430', 'ST JOHNS', 'AG'),
('11450', 'POINTE A PITRE', 'GP'),
('11460', 'BASSE TERRE', 'GP'),
('11470', 'PORT LOUIS', 'GP'),
('11520', 'ROSEAU', 'DM'),
('11530', 'PORTSMOUTH', 'DM'),
('11550', 'FORT DE FRANCE', 'MQ'),
('11620', 'VIEUX FORT', 'LC'),
('11625', 'GRAND CUL DE SA', 'LC'),
('11630', 'CASTRIES', 'LC'),
('11640', 'KINGSTOWN', 'VC'),
('11670', 'ST GEORGE\'S', 'GD'),
('11690', 'BRIDGETOWN', 'BB'),
('11700', 'SCARBOROUGH', 'TT'),
('11710', 'CHAGUARAMAS', 'TT'),
('11718', 'ANSE TEMBLADORA', 'TT'),
('11720', 'PORT OF SPAIN', 'TT'),
('11725', 'POINT LISAS POR', 'TT'),
('11730', 'POINTE A PIERRE', 'TT'),
('11750', 'POINT LISAS IND', 'TT'),
('11760', 'BRIGHTON', 'TT'),
('11770', 'POINT FORTIN', 'TT'),
('11772', 'GALEOTA POINT T', 'TT'),
('11780', 'KRALENDIJK', 'BQ'),
('11781', 'GOTO OIL TERMIN', 'BQ'),
('11782', 'SALINA', 'BQ'),
('11800', 'CARACASBAAI', 'CW'),
('11810', 'WILLEMSTAD', 'CW'),
('11820', 'BULLEN BAAI', 'CW'),
('11821', 'SINT MICHELSBAA', 'CW'),
('11830', 'SINT NICOLAAS B', 'AW'),
('11840', 'PAARDEN BAAI - ', 'AW'),
('11880', 'TURBO', 'CO'),
('11900', 'COVENAS', 'CO'),
('11901', 'COVENAS OFFSHOR', 'CO'),
('11905', 'MAMONAL', 'CO'),
('11908', 'EL BOSQUE', 'CO'),
('11910', 'CARTAGENA', 'CO'),
('11930', 'BARRANQUILLA', 'CO'),
('11934', 'PUERTO PRODECO', 'CO'),
('11935', 'POZOS COLORADOS', 'CO'),
('11940', 'SANTA MARTA', 'CO'),
('11946', 'PUERTO BOLIVAR', 'CO'),
('11960', 'MARACAIBO', 'VE'),
('11980', 'SAN LORENZO', 'VE'),
('12025', 'LA SALINA', 'VE'),
('12032', 'PUNTA DE PALMAS', 'VE'),
('12034', 'BAJO GRANDE', 'VE'),
('12035', 'PUERTO MIRANDA', 'VE'),
('12037', 'EL TABIAZO', 'VE'),
('12050', 'PUNTA CARDON', 'VE'),
('12060', 'LAS PIEDRAS', 'VE'),
('12070', 'AMUAY (BAHIA DE', 'VE'),
('12090', 'PUERTO CUMAREBO', 'VE'),
('12100', 'PUERTO CHICHIRI', 'VE'),
('12115', 'EL PALITO', 'VE'),
('12117', 'VENTERMINALS', 'VE'),
('12120', 'PUERTO CABELLO', 'VE'),
('12130', 'PUERTO BORBURAT', 'VE'),
('12145', 'CATIA LA MAR', 'VE'),
('12150', 'LA GUAIRA', 'VE'),
('12180', 'JOSE TERMINAL', 'VE'),
('12185', 'PUERTO LA CRUZ', 'VE'),
('12200', 'GUANTA', 'VE'),
('12210', 'BAHIA DE PERTIG', 'VE'),
('12220', 'CUMANA (PUERTO ', 'VE'),
('12230', 'EL GUAMACHE', 'VE'),
('12260', 'CARUPANO', 'VE'),
('12270', 'GUIRIA', 'VE'),
('12275', 'PUERTO DE HIERR', 'VE'),
('12280', 'CARIPITO', 'VE'),
('12330', 'PALUA', 'VE'),
('12335', 'PUERTO ORDAZ', 'VE'),
('12340', 'CIUDAD BOLIVAR', 'VE'),
('12370', 'GEORGETOWN', 'GY'),
('12380', 'LINDEN', 'GY'),
('12390', 'NEW AMSTERDAM', 'GY'),
('12405', 'NIEUW NICKERIE', 'SR'),
('12410', 'PARAMARIBO', 'SR'),
('12415', 'PARANAM', 'SR'),
('12420', 'MOENGO', 'SR'),
('12455', 'DEGRAD DES CANN', 'GF'),
('12485', 'PORTO SANTANA', 'BR'),
('12490', 'BELEM', 'BR'),
('12491', 'VILA DO CONDE', 'BR'),
('12500', 'CAMETA', 'BR'),
('12510', 'SANTAREM', 'BR'),
('12540', 'ITACOATIARA', 'BR'),
('12560', 'MANAUS', 'BR'),
('12570', 'IQUITOS', 'PE'),
('12585', 'ITAQUI', 'BR'),
('12600', 'TUTOIA', 'BR'),
('12630', 'CAMOCIM', 'BR'),
('12650', 'PORTO DE MUCURI', 'BR'),
('12661', 'GUAMARE OIL TER', 'BR'),
('12690', 'NATAL', 'BR'),
('12710', 'CABEDELO', 'BR'),
('12730', 'RECIFE', 'BR'),
('12740', 'PORTO DE SUAPE', 'BR'),
('12750', 'PORTO DE MACEIO', 'BR'),
('12760', 'PORT DE ARACAJU', 'BR'),
('12770', 'PORT DE SALVADO', 'BR'),
('12772', 'ARATU', 'BR'),
('12775', 'MADRE DE DEUS', 'BR'),
('12810', 'PORT OF ILHEUS', 'BR'),
('12820', 'PORTOCEL', 'BR'),
('12850', 'VITORIA', 'BR'),
('12855', 'TUBARAO', 'BR'),
('12857', 'SANTA CLARA', 'BR'),
('12890', 'MACAE', 'BR'),
('12900', 'DTSE / GEGUA OI', 'BR'),
('12910', 'PORTO DO FORNO', 'BR'),
('12920', 'RIO DE JANEIRO', 'BR'),
('12930', 'NITEROI', 'BR'),
('12935', 'GUAIBA ISLAND T', 'BR'),
('12940', 'ANGRA DOS REIS', 'BR'),
('12950', 'GEBIG', 'BR'),
('12960', 'SAO SEBASTIAO', 'BR'),
('12970', 'SANTOS', 'BR'),
('12980', 'PARANAGUA', 'BR'),
('13000', 'SAO FRANCISCO', 'BR'),
('13020', 'ITAJAI', 'BR'),
('13040', 'IMBITUBA', 'BR'),
('13050', 'LAGUNA', 'BR'),
('13055', 'TRAMANDAI', 'BR'),
('13060', 'RIO GRANDE', 'BR'),
('13070', 'PELOTAS', 'BR'),
('13080', 'PORTO ALEGRE', 'BR'),
('13100', 'LA PALOMA', 'UY'),
('13115', 'JOSE IGNACIO', 'UY'),
('13120', 'MONTEVIDEO', 'UY'),
('13130', 'PUERTO SAUCE', 'UY'),
('13140', 'COLONIA', 'UY'),
('13150', 'NUEVA PALMIRA', 'UY'),
('13160', 'FRAY BENTOS', 'UY'),
('13170', 'PAYSANDU', 'UY'),
('13250', 'PUERTO DE ASUNC', 'PY'),
('13560', 'SANTA FE', 'AR'),
('13570', 'PARANA', 'AR'),
('13580', 'DIAMANTE', 'AR'),
('13600', 'PUERTO SAN MART', 'AR'),
('13610', 'SAN LORENZO', 'AR'),
('13630', 'ROSARIO', 'AR'),
('13640', 'VILLA CONSTITUC', 'AR'),
('13650', 'SAN NICOLAS', 'AR'),
('13660', 'RAMALLO', 'AR'),
('13670', 'SAN PEDRO', 'AR'),
('13690', 'PUERTO IBICUY', 'AR'),
('13700', 'ZARATE', 'AR'),
('13710', 'CAMPANA', 'AR'),
('13720', 'CONCORDIA', 'AR'),
('13730', 'COLON', 'AR'),
('13740', 'CONCEPCION DEL ', 'AR'),
('13760', 'BUENOS AIRES', 'AR'),
('13770', 'LA PLATA', 'AR'),
('13780', 'MAR DEL PLATA', 'AR'),
('13790', 'QUEQUEN', 'AR'),
('13800', 'PUERTO ROSALES', 'AR'),
('13810', 'PUERTO BELGRANO', 'AR'),
('13815', 'BAHIA BLANCA', 'AR'),
('13820', 'PUERTO INGENIER', 'AR'),
('13830', 'PUERTO NACIONAL', 'AR'),
('13840', 'PUERTO GALVAN', 'AR'),
('13860', 'SAN BLAS', 'AR'),
('13900', 'PUERTO MADRYN', 'AR'),
('13920', 'COMODORO RIVADA', 'AR'),
('13930', 'PUERTO DESEADO', 'AR'),
('13940', 'PUERTO SAN JULI', 'AR'),
('13950', 'PUERTO SANTA CR', 'AR'),
('13960', 'PUERTO GALLEGOS', 'AR'),
('13965', 'SAN SEBASTIAN B', 'AR'),
('13970', 'RIO GRANDE', 'AR'),
('13980', 'USHUAIA', 'AR'),
('13981', 'VILLA CONSTITUC', 'AR'),
('14000', 'STANLEY', 'FK'),
('14020', 'PRINCE OLAV HAR', 'GS'),
('14040', 'STROMNESS HARBO', 'GS'),
('14060', 'GRYTVIKEN', 'GS'),
('14075', 'PUERTO WILLIAMS', 'CL'),
('14080', 'PUNTA DELGADA', 'CL'),
('14090', 'PUERTO SARA', 'CL'),
('14095', 'CALETA CLARENCI', 'CL'),
('14100', 'RADA PUNTA AREN', 'CL'),
('14110', 'BAHIA AGUA FRES', 'CL'),
('14130', 'PORT SAN JUAN D', 'CL'),
('14140', 'BAHIA HARRIS', 'CL'),
('14150', 'PUERTO YARTOU', 'CL'),
('14175', 'CALETA MINA ELE', 'CL'),
('14190', 'PUERTO NATALES', 'CL'),
('14197', 'PUERTO CHACABUC', 'CL'),
('14220', 'PUERTO CASTRO', 'CL'),
('14250', 'PUERTO QUEMCHI', 'CL'),
('14270', 'PUERTO MONTT', 'CL'),
('14330', 'PUERTO DE CORRA', 'CL'),
('14340', 'BAHIA DE VALDIV', 'CL'),
('14380', 'LOTA', 'CL'),
('14400', 'CORONEL', 'CL'),
('14415', 'BAHIA SAN VICEN', 'CL'),
('14420', 'TALCAHUANO', 'CL'),
('14425', 'LIRQUEN', 'CL'),
('14440', 'PENCO', 'CL'),
('14470', 'PUERTO SAN ANTO', 'CL'),
('14500', 'BAHIA DE VALPAR', 'CL'),
('14510', 'BAHIA QUINTERO ', 'CL'),
('14560', 'BAHIA HERRADURA', 'CL'),
('14570', 'COQUIMBO', 'CL'),
('14610', 'HUASCO', 'CL'),
('14630', 'PUERTO CALDERA', 'CL'),
('14635', 'PUERTO CALDERIL', 'CL'),
('14640', 'PUERTO CHANARAL', 'CL'),
('14650', 'TALTAL', 'CL'),
('14660', 'ANTOFAGASTA', 'CL'),
('14670', 'MEJILLONES', 'CL'),
('14671', 'CALETA PATILLOS', 'CL'),
('14720', 'TOCOPILLA', 'CL'),
('14760', 'IQUIQUE', 'CL'),
('14800', 'RADA DE ARICA', 'CL'),
('14840', 'PUERTO ILO', 'PE'),
('14860', 'BAHIA DE MATARA', 'PE'),
('14895', 'BAHIA SAN NICOL', 'PE'),
('14940', 'CONCHAN OIL TER', 'PE'),
('14950', 'PUERTO DEL CALL', 'PE'),
('14955', 'LA PAMPILLA OIL', 'PE'),
('14960', 'BAHIA DE ANCON', 'PE'),
('14970', 'CHANCAY', 'PE'),
('14980', 'PUERTO DE HUACH', 'PE'),
('14990', 'PUERTO SUPE', 'PE'),
('15000', 'PUNTA LOBITOS (', 'PE'),
('15030', 'PUERTO DE CHIMB', 'PE'),
('15050', 'SALAVERRY', 'PE'),
('15110', 'PIMENTAL', 'PE'),
('15140', 'PUERTO BAYOVAR', 'PE'),
('15170', 'PAITA', 'PE'),
('15190', 'TALARA', 'PE'),
('15200', 'CALETA LOBITOS', 'PE'),
('15210', 'PUERTO CABO BLA', 'PE'),
('15250', 'PUERTO BOLIVAR', 'EC'),
('15270', 'GUAYAQUIL', 'EC'),
('15275', 'PUERTO MARITIMO', 'EC'),
('15290', 'LA LIBERTAD', 'EC'),
('15310', 'MANTA', 'EC'),
('15330', 'ESMERALDAS', 'EC'),
('15360', 'TUMACO', 'CO'),
('15370', 'BUENAVENTURA', 'CO'),
('15410', 'BALBOA', 'PA'),
('15423', 'VACAMONTE', 'PA'),
('15427', 'CHARCO AZUL', 'PA'),
('15445', 'PEDREGAL', 'PA'),
('15460', 'PUERTO ARMUELLE', 'PA'),
('15480', 'GOLFITO', 'CR'),
('15490', 'PUERTO QUEPOS', 'CR'),
('15500', 'PUERTO CALDERA', 'CR'),
('15510', 'PUNTARENAS', 'CR'),
('15545', 'PUERTO SANDINO', 'NI'),
('15550', 'CORINTO', 'NI'),
('15570', 'PUERTO DE HENCA', 'HN'),
('15600', 'LA UNION', 'SV'),
('15640', 'ACAJUTLA', 'SV'),
('15645', 'ACAJUTLA OFFSHO', 'SV'),
('15660', 'PUERTO QUETZAL', 'GT'),
('15710', 'PUERTO MADERO', 'MX'),
('15730', 'SALINA CRUZ', 'MX'),
('15760', 'ACAPULCO', 'MX'),
('15765', 'LAZARO CARDENAS', 'MX'),
('15770', 'MANZANILLO', 'MX'),
('15790', 'PUERTO VALLARTA', 'MX'),
('15810', 'MAZATLAN', 'MX'),
('15830', 'TOPOLOBAMPO', 'MX'),
('15850', 'GUAYMAS', 'MX'),
('15870', 'SANTA ROSALIA', 'MX'),
('15880', 'ISLA SAN MARCOS', 'MX'),
('15915', 'SAN JUAN DE LA ', 'MX'),
('15917', 'PICHILINGUE', 'MX'),
('15920', 'LA PAZ', 'MX'),
('15975', 'PUERTO MORRO RE', 'MX'),
('15990', 'ENSENADA', 'MX'),
('15995', 'ROSARITO', 'MX'),
('16010', 'SAN DIEGO', 'US'),
('16030', 'WILSON COVE', 'US'),
('16040', 'ISTHMUS COVE', 'US'),
('16050', 'AVALON', 'US'),
('16060', 'NEWPORT BEACH', 'US'),
('16070', 'LONG BEACH', 'US'),
('16080', 'LOS ANGELES', 'US'),
('16110', 'EL SEGUNDO', 'US'),
('16120', 'PORT HUENEME', 'US'),
('16130', 'PRISONERS', 'US'),
('16140', 'VENTURA', 'US'),
('16145', 'CARPINTERIA', 'US'),
('16150', 'SANTA BARBARA', 'US'),
('16160', 'ELLWOOD', 'US'),
('16170', 'GAVIOTA', 'US'),
('16190', 'PISMO BEACH', 'US'),
('16200', 'PORT SAN LUIS', 'US'),
('16210', 'MORRO BAY', 'US'),
('16240', 'MONTEREY', 'US'),
('16260', 'MOSS LANDING', 'US'),
('16270', 'SANTA CRUZ', 'US'),
('16280', 'DAVENPORT', 'US'),
('16290', 'PRINCETOWN', 'US'),
('16300', 'SAN FRANCISCO', 'US'),
('16310', 'YERBABUENA ISLA', 'US'),
('16320', 'REDWOOD CITY', 'US'),
('16330', 'ALAMEDA', 'US'),
('16340', 'OAKLAND', 'US'),
('16360', 'BERKELEY', 'US'),
('16370', 'POINT RICHMOND', 'US'),
('16380', 'POINT SAN PABLO', 'US'),
('16385', 'SAUSALITO', 'US'),
('16390', 'PINOLE POINT', 'US'),
('16400', 'OLEUM', 'US'),
('16410', 'MARE ISLAND', 'US'),
('16420', 'SOUTH VALLEJO', 'US'),
('16440', 'CROCKETT', 'US'),
('16450', 'PORT COSTA', 'US'),
('16470', 'BENICIA', 'US'),
('16480', 'MARTINEZ', 'US'),
('16510', 'PITTSBURG', 'US'),
('16515', 'ANTIOCH', 'US'),
('16520', 'STOCKTON', 'US'),
('16540', 'RIO VISTA', 'US'),
('16550', 'ISLETON', 'US'),
('16560', 'WALNUT GROVE', 'US'),
('16570', 'COURTLAND', 'US'),
('16590', 'SACRAMENTO', 'US'),
('16630', 'BODEGA BAY', 'US'),
('16650', 'FORT BRAGG', 'US'),
('16660', 'FIELDS LANDING', 'US'),
('16670', 'EUREKA', 'US'),
('16680', 'SAMOA', 'US'),
('16700', 'CRESCENT CITY', 'US'),
('16710', 'PORT ORFORD', 'US'),
('16720', 'BANDON', 'US'),
('16730', 'PROSPER', 'US'),
('16740', 'EMPIRE', 'US'),
('16750', 'NORTH BEND', 'US'),
('16770', 'COOS BAY', 'US'),
('16790', 'WINCHESTER BAY', 'US'),
('16795', 'GARDINER', 'US'),
('16800', 'REEDSPORT', 'US'),
('16803', 'FLORENCE', 'US'),
('16805', 'GLENADA', 'US'),
('16808', 'CUSHMAN', 'US'),
('16810', 'WALDPORT', 'US'),
('16820', 'NEWPORT', 'US'),
('16830', 'TOLEDO', 'US'),
('16835', 'DEPOE BAY', 'US'),
('16838', 'ILWACO', 'US'),
('16840', 'WARRENTON', 'US'),
('16850', 'ASTORIA', 'US'),
('16870', 'TONGUE POINT', 'US'),
('16880', 'WESTPORT', 'US'),
('16890', 'RAINIER', 'US'),
('16900', 'LONGVIEW', 'US'),
('16920', 'KALAMA', 'US'),
('16930', 'ST HELENS', 'US'),
('16940', 'PORTLAND', 'US'),
('16950', 'VANCOUVER', 'US'),
('16960', 'CAMAS', 'US'),
('16970', 'WASHOUGAL', 'US'),
('16980', 'THE DALLES', 'US'),
('17000', 'NAHCOTTA', 'US'),
('17010', 'SOUTH BEND', 'US'),
('17020', 'RAYMOND', 'US'),
('17030', 'WILLAPA HARBOR', 'US'),
('17040', 'WESTHAVEN COVE', 'US'),
('17050', 'BAY CITY', 'US'),
('17060', 'ABERDEEN', 'US'),
('17080', 'HOQUIAM', 'US'),
('17090', 'LA PUSH', 'US'),
('17100', 'NEAH BAY', 'US'),
('17110', 'SEKIU', 'US'),
('17120', 'PORT ANGELES', 'US'),
('17160', 'PORT TOWNSEND', 'US'),
('17170', 'GLEN COVE', 'US'),
('17190', 'HOODSPORT', 'US'),
('17230', 'PORT GAMBLE', 'US'),
('17250', 'POULSBO', 'US'),
('17260', 'KEYPORT', 'US'),
('17320', 'WINSLOW', 'US'),
('17330', 'CREOSOTE', 'US'),
('17350', 'FORT WARD', 'US'),
('17380', 'EAST BREMERTON', 'US'),
('17410', 'SILVERDALE', 'US'),
('17430', 'BREMERTON', 'US'),
('17440', 'PORT ORCHARD', 'US'),
('17550', 'QUARTERMASTER H', 'US'),
('17650', 'SHELTON', 'US'),
('17660', 'OLYMPIA', 'US'),
('17670', 'NISQUALLY HEAD', 'US'),
('17700', 'TACOMA', 'US'),
('17730', 'SEATTLE', 'US'),
('17750', 'POINT WELLS', 'US'),
('17760', 'EDWARDS POINT', 'US'),
('17780', 'MUKILTEO', 'US'),
('17790', 'EVERETT', 'US'),
('17840', 'COUPEVILLE', 'US'),
('17900', 'RICHARDSON', 'US'),
('17920', 'FRIDAY HARBOR', 'US'),
('17940', 'ROCHE  HARBOR', 'US'),
('17990', 'ORCAS', 'US'),
('18040', 'ANACORTES', 'US'),
('18050', 'BELLINGHAM', 'US'),
('18055', 'CHERRY POINT', 'US'),
('18060', 'SEMIAHMOO', 'US'),
('18070', 'BLAINE', 'US'),
('18090', 'STEVESTON', 'CA'),
('18100', 'NEW WESTMINSTER', 'CA'),
('18110', 'FRASER MILLS', 'CA'),
('18130', 'PORT COQUITLAM', 'CA'),
('18140', 'MISSION CITY', 'CA'),
('18150', 'VANCOUVER', 'CA'),
('18160', 'PORT MOODY', 'CA'),
('18210', 'SQUAMISH', 'CA'),
('18235', 'PORT MELLON', 'CA'),
('18330', 'WESTVIEW', 'CA'),
('18340', 'POWELL RIVER', 'CA'),
('18441', 'DUNCAN BAY', 'CA'),
('18450', 'CAMPBELL RIVER', 'CA'),
('18460', 'COMOX HARBOR', 'CA'),
('18518', 'NANOOSE HARBOR', 'CA'),
('18520', 'NANAIMO', 'CA'),
('18525', 'HARMAC', 'CA'),
('18560', 'CHEMAINUS', 'CA'),
('18570', 'CROFTON', 'CA'),
('18580', 'COWICHAN BAY', 'CA'),
('18600', 'GANGES', 'CA'),
('18630', 'LYALL HARBOR', 'CA'),
('18650', 'HOPE BAY', 'CA'),
('18660', 'SIDNEY', 'CA'),
('18665', 'BAMBERTON', 'CA'),
('18670', 'VICTORIA HARBOR', 'CA'),
('18680', 'ESQUIMALT HARBO', 'CA'),
('18705', 'PORT SAN JUAN', 'CA'),
('18730', 'PORT ALBERNI', 'CA'),
('18760', 'UCLUELET', 'CA'),
('18780', 'CLAYOQUOT', 'CA'),
('18790', 'AHOUSAT', 'CA'),
('18792', 'GOLD RIVER', 'CA'),
('18805', 'TAHSIS', 'CA'),
('18818', 'BERGH COVE', 'CA'),
('18820', 'PORT ALICE', 'CA'),
('18835', 'COAL HARBOR', 'CA'),
('18840', 'PORT HARDY', 'CA'),
('18850', 'SOINTULA', 'CA'),
('18860', 'ALERT BAY', 'CA'),
('18872', 'PORT MCNEILL', 'CA'),
('18890', 'BELLA COOLA', 'CA'),
('18915', 'BELLA BELLA', 'CA'),
('18916', 'KLEMTU', 'CA'),
('18920', 'BUTEDALE', 'CA'),
('18923', 'KEMANO BAY', 'CA'),
('18925', 'KITIMAT', 'CA'),
('18942', 'PORPOISE HARBOR', 'CA'),
('18950', 'PRINCE RUPERT', 'CA'),
('18960', 'PORT SIMPSON', 'CA'),
('18980', 'STEWART', 'CA'),
('19000', 'MASSET HARBOR', 'CA'),
('19030', 'PORT CLEMENTS', 'CA'),
('19050', 'QUEEN CHARLOTTE', 'CA'),
('19055', 'ALLIFORD BAY', 'CA'),
('19090', 'HYDER', 'US'),
('19100', 'HIDDEN INLET', 'US'),
('19110', 'METLAKATLA', 'US'),
('19120', 'GEORGE INLET', 'US'),
('19130', 'KETCHIKAN', 'US'),
('19140', 'WARD COVE', 'US'),
('19160', 'KNUDSON COVE', 'US'),
('19170', 'LORING', 'US'),
('19180', 'YES BAY', 'US'),
('19190', 'UNION BAY', 'US'),
('19200', 'BURNETT INLET', 'US'),
('19210', 'WRANGELL', 'US'),
('19220', 'KASAAN', 'US'),
('19230', 'ROSE INLET', 'US'),
('19240', 'HYDABURG', 'US'),
('19250', 'WATERFALL', 'US'),
('19260', 'CRAIG', 'US'),
('19270', 'KLAWOCK', 'US'),
('19280', 'STEAMBOAT BAY', 'US'),
('19290', 'FISHERMANS HARB', 'US'),
('19300', 'PETERSBURG', 'US'),
('19310', 'KAKE', 'US'),
('19320', 'WASHINGTON BAY', 'US'),
('19330', 'BAY OF PILLARS', 'US'),
('19370', 'BIG PORT WALTER', 'US'),
('19375', 'LITTLE PORT WAL', 'US'),
('19380', 'PORT ARMSTRONG', 'US'),
('19390', 'PORT CONCLUSION', 'US'),
('19400', 'PORT ALEXANDER', 'US'),
('19410', 'SITKA', 'US'),
('19430', 'KIMSHAN COVE', 'US'),
('19440', 'PELICAN', 'US'),
('19450', 'ELFIN COVE', 'US'),
('19460', 'HOONAH', 'US'),
('19470', 'TENAKEE SPRINGS', 'US'),
('19480', 'CHATHAM', 'US'),
('19490', 'TODD', 'US'),
('19510', 'HOOD BAY', 'US'),
('19520', 'HAWK INLET', 'US'),
('19530', 'FUNTER', 'US'),
('19550', 'DUPONT', 'US'),
('19580', 'JUNEAU', 'US'),
('19585', 'PORT CHILKOOT', 'US'),
('19588', 'HAINES', 'US'),
('19589', 'TANANI POINT', 'US'),
('19590', 'SKAGWAY', 'US'),
('19600', 'LETNIKOF COVE', 'US'),
('19610', 'EXCURSION INLET', 'US'),
('19620', 'YAKUTAT', 'US'),
('19630', 'KATALLA', 'US'),
('19639', 'ORCA', 'US'),
('19640', 'CORDOVA', 'US'),
('19650', 'SHEPARD POINT', 'US'),
('19660', 'SWANPORT', 'US'),
('19670', 'VALDEZ', 'US'),
('19680', 'WHITTIER', 'US'),
('19710', 'CRAB BAY', 'US'),
('19730', 'PORT ASHTON', 'US'),
('19740', 'SAN JUAN CANNER', 'US'),
('19750', 'LATOUCHE', 'US'),
('19760', 'SEWARD', 'US'),
('19770', 'PORT GRAHAM', 'US'),
('19780', 'SELDOVIA', 'US'),
('19781', 'HOMER', 'US'),
('19785', 'COAL POINT', 'US'),
('19788', 'NINILCHIK', 'US'),
('19790', 'KENAI', 'US'),
('19795', 'NIKISKI', 'US'),
('19800', 'ANCHORAGE', 'US'),
('19805', 'DRIFT RIVER', 'US'),
('19807', 'SNUG HARBOR', 'US'),
('19810', 'OUZINKIE', 'US'),
('19820', 'KODIAK', 'US'),
('19830', 'WOMENS BAY', 'US'),
('19840', 'PORT HOBRON', 'US'),
('19850', 'MCCORD', 'US'),
('19860', 'THREE SAINTS BA', 'US'),
('19870', 'TRAP POINT', 'US'),
('19880', 'LAZY BAY', 'US'),
('19890', 'KARLUK', 'US'),
('19900', 'UYAK', 'US'),
('19910', 'LARSEN BAY', 'US'),
('19920', 'PORT OBRIEN', 'US'),
('19930', 'DRY SPRUCE BAY', 'US'),
('19950', 'PORT VITA', 'US'),
('19970', 'BEAR ISLAND', 'US'),
('19980', 'HOGG ISLAND', 'US'),
('19990', 'PORT WILLIAM', 'US'),
('20000', 'KANATAK', 'US'),
('20010', 'CHIGNIK', 'US'),
('20020', 'IVANOF BAY', 'US'),
('20040', 'SAND POINT', 'US'),
('20050', 'BARALOF BAY', 'US'),
('20060', 'UNGA', 'US'),
('20070', 'BELKOFSKI', 'US'),
('20080', 'KING COVE', 'US'),
('20085', 'COLD BAY', 'US'),
('20090', 'SANAK', 'US'),
('20097', 'AKUTAN HARBOR', 'US'),
('20100', 'CANNERY BAY', 'US'),
('20110', 'MAKUSHIN', 'US'),
('20120', 'DUTCH HARBOR', 'US'),
('20130', 'UNALASKA', 'US'),
('20135', 'PALISADES POINT', 'US'),
('20140', 'ADAK NAVAL AIR ', 'US'),
('20150', 'CONSTANTINE HAR', 'US'),
('20160', 'KISKA', 'US'),
('20170', 'ALCAN HARBOR', 'US'),
('20175', 'SKOOT COVE', 'US'),
('20180', 'MASSACRE BAY', 'US'),
('20190', 'VILLAGE COVE', 'US'),
('20200', 'PORT MOLLER', 'US'),
('20210', 'PORT HEIDEN', 'US'),
('20220', 'PILOT POINT', 'US'),
('20230', 'UGASHIK', 'US'),
('20240', 'EGEGIK', 'US'),
('20250', 'NAKNEK', 'US'),
('20270', 'KOGGIUNG', 'US'),
('20280', 'EKUK', 'US'),
('20290', 'CLARKS POINT', 'US'),
('20300', 'DILLINGHAM', 'US'),
('20305', 'PLATINUM', 'US'),
('20310', 'BETHEL', 'US'),
('20320', 'NASH HARBOR', 'US'),
('20330', 'KWIGUK', 'US'),
('20340', 'KOTLIK', 'US'),
('20350', 'HAMILTON', 'US'),
('20360', 'ST MICHAEL', 'US'),
('20370', 'UNALAKLEET', 'US'),
('20390', 'SOLOMON', 'US'),
('20400', 'NOME', 'US'),
('20410', 'GRANTLEY HARBOR', 'US'),
('20420', 'SAVOONGA', 'US'),
('20425', 'SHISHMAREF', 'US'),
('20430', 'DEERING', 'US'),
('20450', 'KOTZEBUE', 'US'),
('20470', 'WAINWRIGHT', 'US'),
('20480', 'BARROW', 'US'),
('20483', 'PRUDHOE BAY', 'US'),
('20486', 'BERNARD HARBOR', 'US'),
('20491', 'TUKTOYAKTUK', 'CA'),
('20492', 'POLICE POINT', 'CA'),
('20493', 'PAULATUK', 'CA'),
('20494', 'PEARCE POINT', 'CA'),
('20495', 'TYSOE POINT', 'CA'),
('20496', 'SACHS HARBOR', 'CA'),
('20497', 'CAPE YOUNG', 'CA'),
('20498', 'BERNARD HARBOR', 'CA'),
('20499', 'LADY FRANKLIN P', 'CA'),
('20500', 'COPPERMINE', 'CA'),
('20510', 'CAMBRIDGE BAY', 'CA'),
('20520', 'RESOLUTE BAY', 'CA'),
('20650', 'KIRKENES', 'NO'),
('20690', 'VADSO', 'NO'),
('20695', 'BATSFJORDEN', 'NO'),
('20700', 'VARDO', 'NO'),
('20710', 'BERLEVAG', 'NO'),
('20740', 'KJOLLEFJORDEN', 'NO'),
('20800', 'HONNINGSVAG', 'NO'),
('20910', 'KVALSUND', 'NO'),
('20920', 'HAMMERFEST', 'NO'),
('20930', 'SORVAER', 'NO'),
('20940', 'BREDVIK', 'NO'),
('21120', 'OKSFJORD', 'NO'),
('21130', 'ALTA', 'NO'),
('21140', 'TALVIK', 'NO'),
('21310', 'TROMSO', 'NO'),
('21380', 'GIBOSTAD', 'NO'),
('21490', 'FINNSNES', 'NO'),
('21495', 'MEDBY', 'NO'),
('21510', 'SJOVEGAN', 'NO'),
('21610', 'HARSTAD', 'NO'),
('21660', 'ANDENES', 'NO'),
('21670', 'SORTLAND', 'NO'),
('21690', 'STOKKMARKNES', 'NO'),
('21820', 'REINE', 'NO'),
('21840', 'BALLSTAD', 'NO'),
('21870', 'STAMSUND', 'NO'),
('21880', 'HENNINGSVAER', 'NO'),
('21900', 'SVOLVAER', 'NO'),
('21910', 'SKROVA HAVN', 'NO'),
('21920', 'BRETTESNES', 'NO'),
('21950', 'LODINGEN', 'NO'),
('21970', 'ULVIK', 'NO'),
('22010', 'LILANDSGRUNNEN', 'NO'),
('22030', 'NARVIK', 'NO'),
('22050', 'LITLE BALLANGEN', 'NO'),
('22120', 'DRAG', 'NO'),
('22140', 'KORSNES', 'NO'),
('22160', 'TRANOY', 'NO'),
('22270', 'KJERRINGOY', 'NO'),
('22290', 'BODO', 'NO'),
('22295', 'LAKSELV', 'NO'),
('22320', 'FAUSKE', 'NO'),
('22350', 'ROGNAN', 'NO'),
('22520', 'ORNES', 'NO'),
('22540', 'GLOMFJORD', 'NO'),
('22750', 'SANDNESSJOEN', 'NO'),
('22760', 'MO INLET', 'NO'),
('22790', 'HEMNESBERGET', 'NO'),
('22920', 'MOSJOEN', 'NO'),
('22940', 'TJOTTA', 'NO'),
('22990', 'BRONNOYSUND', 'NO'),
('23020', 'BERG', 'NO'),
('23040', 'RORVIK', 'NO'),
('23046', 'SALSBRUKET', 'NO'),
('23050', 'NAMSOS', 'NO'),
('23053', 'MALM', 'NO'),
('23055', 'STEINKJER', 'NO'),
('23058', 'DJUPVIKEN', 'NO'),
('23060', 'LEVANGER', 'NO'),
('23070', 'LANGSTEIN', 'NO'),
('23075', 'MURUVIK', 'NO'),
('23080', 'HOMMELVIK', 'NO'),
('23090', 'TRONDHEIM', 'NO'),
('23095', 'THAMSHAMM', 'NO'),
('23100', 'KRISTIANSUND', 'NO'),
('23105', 'SUNNDALSORA', 'NO'),
('23107', 'BUD', 'NO'),
('23108', 'HAROYSUND', 'NO'),
('23110', 'MOLDE', 'NO'),
('23111', 'ANDALSNES', 'NO'),
('23112', 'HAREID', 'NO'),
('23115', 'MOLDTUSTRANDA', 'NO'),
('23118', 'ORSTAV', 'NO'),
('23120', 'ALESUND', 'NO'),
('23125', 'MALOY', 'NO'),
('23130', 'FLORO', 'NO'),
('23136', 'ARDALSTANGEN', 'NO'),
('23138', 'MONGSTAD', 'NO'),
('23139', 'STURA', 'NO'),
('23140', 'VAKSDAL', 'NO'),
('23160', 'BERGEN', 'NO'),
('23180', 'BRATTHOLMEN', 'NO'),
('23195', 'TRANNESET', 'NO'),
('23220', 'STRANDVIK', 'NO'),
('23230', 'NORHEIMSUND', 'NO'),
('23240', 'ODDA', 'NO'),
('23300', 'MELING', 'NO'),
('23310', 'MOSTERHAMN', 'NO'),
('23330', 'SAGVAG', 'NO'),
('23340', 'LEIRVIK', 'NO'),
('23355', 'HUSNES', 'NO'),
('23440', 'HAUGESUND', 'NO'),
('23450', 'KOPERVIK', 'NO'),
('23451', 'KARSTO', 'NO'),
('23455', 'ESPEVAER', 'NO'),
('23460', 'SAUDA', 'NO'),
('23465', 'AKRAHAMN', 'NO'),
('23470', 'SANDNES', 'NO'),
('23480', 'STAVANGER', 'NO'),
('23485', 'SKUDENESHAVN', 'NO'),
('23487', 'TANANGER', 'NO'),
('23490', 'EGERSUND', 'NO'),
('23500', 'REKEFJORD', 'NO'),
('23505', 'KIRKEHAMN', 'NO'),
('23510', 'FLEKKEFJORDEN', 'NO'),
('23520', 'FARSUND', 'NO'),
('23525', 'STUSVIK', 'NO'),
('23530', 'MANDAL', 'NO'),
('23550', 'KRISTIANSAND', 'NO'),
('23600', 'ARENDAL', 'NO'),
('23620', 'TVEDESTRAND', 'NO'),
('23630', 'RISOR', 'NO'),
('23640', 'KRAGERO', 'NO'),
('23660', 'BREVIK', 'NO'),
('23670', 'PORSGRUNN', 'NO'),
('23680', 'SKIEN', 'NO'),
('23700', 'LARVIK', 'NO'),
('23710', 'SANDEFJORDEN', 'NO'),
('23720', 'TONSBERG', 'NO'),
('23730', 'VALLOY', 'NO'),
('23736', 'SLAGENSTANGEN', 'NO'),
('23750', 'HORTEN', 'NO'),
('23760', 'HOLMESTRAND', 'NO'),
('23770', 'SVELVIK', 'NO'),
('23780', 'DRAMMEN', 'NO'),
('23790', 'STORSTEILENE', 'NO'),
('23810', 'OSLO', 'NO'),
('23817', 'FAGERSTRAND', 'NO'),
('23820', 'DROBAK', 'NO'),
('23823', 'TOFTE', 'NO'),
('23829', 'KAMBO', 'NO'),
('23830', 'MOSS', 'NO'),
('23835', 'SARPSBORG', 'NO'),
('23840', 'FREDRIKSTAD', 'NO'),
('23850', 'HALDEN', 'NO'),
('23870', 'STROMSTAD', 'SE'),
('23890', 'GREBBESTAD', 'SE'),
('23900', 'FJALLBACKA', 'SE'),
('23905', 'BOVALLSTRAND', 'SE'),
('23910', 'HUNNEBOSTRAND', 'SE'),
('23950', 'BROFJORDEN', 'SE'),
('23970', 'LYSEKIL', 'SE'),
('23990', 'UDDEVALLA', 'SE'),
('24000', 'STENUNGSUND', 'SE'),
('24010', 'MARSTRAND', 'SE'),
('24020', 'GOTEBORG', 'SE'),
('24030', 'VARBERG', 'SE'),
('24040', 'FALKENBERG', 'SE'),
('24050', 'HALMSTAD', 'SE'),
('24100', 'HOGANAS', 'SE'),
('24120', 'HELSINGBORG', 'SE'),
('24180', 'LANDSKRONA', 'SE'),
('24210', 'MALMO', 'SE'),
('24220', 'LIMHAMN', 'SE'),
('24250', 'TRELLEBORG', 'SE'),
('24260', 'YSTAD', 'SE'),
('24280', 'SIMRISHAMN', 'SE'),
('24300', 'AHUS', 'SE'),
('24310', 'SOLVESBORG', 'SE'),
('24370', 'KARLSHAMN', 'SE'),
('24440', 'RONNEBY', 'SE'),
('24460', 'KARLSKRONA', 'SE'),
('24530', 'BERGKVARA', 'SE'),
('24570', 'KALMAR', 'SE'),
('24635', 'STORA JATTERSON', 'SE'),
('24690', 'OSKARSHAMN', 'SE'),
('24720', 'FIGEHOLM', 'SE'),
('24790', 'DEGERHAMN', 'SE'),
('24810', 'RONEHAMN', 'SE'),
('24840', 'SLITE', 'SE'),
('24900', 'FAROSUND', 'SE'),
('24940', 'STORUGNS', 'SE'),
('24950', 'VISBY', 'SE'),
('24960', 'KLINTEHAMN', 'SE'),
('25050', 'VERKEBACK', 'SE'),
('25060', 'VASTERVIK', 'SE'),
('25190', 'NORRKOPING', 'SE'),
('25280', 'OXELOSUND', 'SE'),
('25290', 'NYKOPING', 'SE'),
('25320', 'SODERTALJE', 'SE'),
('25330', 'NYNASHAMN', 'SE'),
('25360', 'GUSTAVSBERG', 'SE'),
('25370', 'SANDHAMN', 'SE'),
('25380', 'STOCKHOLM', 'SE'),
('25395', 'VASTERAS', 'SE'),
('25440', 'GRISSLEHAMN', 'SE'),
('25460', 'HALLSTAVIK', 'SE'),
('25480', 'HARGSHAMN', 'SE'),
('25550', 'SKUTSKAR', 'SE'),
('25570', 'KARSKAR', 'SE'),
('25590', 'GAVLE', 'SE'),
('25610', 'NORRSUNDET', 'SE'),
('25640', 'VALLVIK', 'SE'),
('25700', 'SANDARNE', 'SE'),
('25720', 'SODERHAMN', 'SE'),
('25760', 'IGGESUND', 'SE'),
('25780', 'HUDIKSVALL', 'SE'),
('25800', 'STOCKA', 'SE'),
('25900', 'STOCKVIK', 'SE'),
('25910', 'SUNDSVALL', 'SE'),
('26140', 'VIVSTAVARV', 'SE'),
('26180', 'SORAKER', 'SE'),
('26240', 'HARNOSAND', 'SE'),
('26280', 'ULVVIK', 'SE'),
('26290', 'UTANSJO', 'SE'),
('26310', 'GUSTAVSVIK', 'SE'),
('26340', 'LUNDE', 'SE'),
('26380', 'KRAMFORS', 'SE'),
('26420', 'VAJA', 'SE'),
('26430', 'BOLLSTABRUK', 'SE'),
('26710', 'KOPMANHOLMEN', 'SE'),
('26720', 'DOMSJO', 'SE'),
('26730', 'ORNSKOLDSVIK', 'SE'),
('26790', 'HUSUM', 'SE'),
('26800', 'RUNDVIK', 'SE'),
('26810', 'NORDMALING', 'SE'),
('26880', 'OBBOLA', 'SE'),
('26890', 'UMEA HAMN', 'SE'),
('26990', 'GUMBODAHAMN', 'SE'),
('27080', 'SKELLEFTEHAMN', 'SE'),
('27090', 'KAGEHAMN', 'SE'),
('27130', 'BRANNFORS', 'SE'),
('27190', 'PITEA', 'SE'),
('27220', 'LULEA', 'SE'),
('27250', 'TOREHAMN', 'SE'),
('27280', 'KARLSBORG', 'SE'),
('27330', 'SANDVIK', 'SE'),
('27400', 'TORINA', 'FI'),
('27410', 'KEMI', 'FI'),
('27520', 'OULU', 'FI'),
('27530', 'RAAHE', 'FI'),
('27535', 'VEITSILUOTO', 'FI'),
('27537', 'RAHJA', 'FI'),
('27540', 'HIMANKA', 'FI'),
('27560', 'KOKKOLA', 'FI'),
('27570', 'JAKOBSTAD', 'FI'),
('27580', 'NYKARLEBY', 'FI'),
('27590', 'KANTLAX', 'FI'),
('27610', 'HELLNAS', 'FI'),
('27650', 'VAASA', 'FI'),
('27670', 'KASKINEN', 'FI'),
('27680', 'KRISTINESTAD', 'FI'),
('27740', 'PORI', 'FI'),
('27750', 'MANTYLUOTO', 'FI'),
('27755', 'TAHKOLUOTO', 'FI'),
('27780', 'RAUMA', 'FI'),
('27790', 'UUSIKAUPUNKI', 'FI'),
('27805', 'NAANTALI', 'FI'),
('27820', 'TURKU', 'FI'),
('27850', 'TOLKKINEN', 'FI'),
('27870', 'SIGNILSKAR', 'FI'),
('27920', 'MARIEHAMN', 'FI'),
('27990', 'PARGAS', 'FI'),
('28140', 'HANKO', 'FI'),
('28170', 'EKENAS', 'FI'),
('28180', 'JUSSARO', 'FI'),
('28185', 'PORKKALA', 'FI'),
('28187', 'INKOO', 'FI'),
('28190', 'HELSINKI', 'FI'),
('28210', 'PORVOO', 'FI'),
('28220', 'LOVIISA', 'FI'),
('28230', 'KOTKA', 'FI'),
('28240', 'HAMINA', 'FI'),
('28300', 'VYBORG', 'RU'),
('28310', 'GAVAN VYSOTSK', 'RU'),
('28360', 'PRIMORSK', 'RU'),
('28370', 'SANKT-PETERBURG', 'RU'),
('28390', 'LOMONOSOV', 'RU'),
('28400', 'KRONSHTADT', 'RU'),
('28410', 'REKA LUGA', 'RU'),
('28440', 'KUNDA', 'EE'),
('28480', 'TALLINN', 'EE'),
('28484', 'MUUGA-PORT OF T', 'EE'),
('28505', 'PALDISKI', 'EE'),
('28510', 'OSMUSSAAR', 'EE'),
('28550', 'PARNU', 'EE'),
('28605', 'SALACGRIVA', 'LV'),
('28610', 'RIGA', 'LV'),
('28615', 'LIELUPE', 'LV'),
('28620', 'VENTSPILS', 'LV'),
('28640', 'LIEPAJA', 'LV'),
('28654', 'BUTINGE OIL TER', 'LT'),
('28660', 'KLAIPEDA', 'LT'),
('28680', 'BALTIYSK', 'RU'),
('28690', 'KALININGRAD', 'RU'),
('28710', 'GDANSK', 'PL'),
('28715', 'PORT POLNOCHNY', 'PL'),
('28720', 'NOWY PORT', 'PL'),
('28740', 'GDYNIA', 'PL'),
('28750', 'POLICE', 'PL'),
('28770', 'USTKA', 'PL'),
('28790', 'DARLOWO', 'PL'),
('28800', 'KOLOBRZEG', 'PL'),
('28820', 'SWINOUJSCIE', 'PL'),
('28823', 'SZCZECIN', 'PL'),
('28828', 'WOLGAST', 'DE'),
('28840', 'SASSNITZ', 'DE'),
('28848', 'STRALSUND', 'DE'),
('28860', 'ROSTOCK', 'DE'),
('28870', 'WISMAR', 'DE'),
('28880', 'LUBECK-TRAVEMUN', 'DE'),
('28890', 'LUBECK', 'DE'),
('28900', 'NEUSTADT', 'DE'),
('28912', 'ORTH', 'DE'),
('28920', 'HEILIGENHAFEN', 'DE'),
('28930', 'KIEL', 'DE'),
('28950', 'ECKERNFORDE', 'DE'),
('28955', 'KAPPELN', 'DE'),
('29005', 'FLENSBURG', 'DE'),
('29085', 'NEKSO', 'DK'),
('29110', 'RONNE', 'DK'),
('29120', 'HASLE', 'DK'),
('29130', 'CHRISTIANSO HAR', 'DK'),
('29180', 'FAKSE LADEPLADS', 'DK'),
('29220', 'KOGE', 'DK'),
('29230', 'KOBENHAVN', 'DK'),
('29260', 'TUBORG', 'DK'),
('29350', 'HELSINGOR', 'DK'),
('29390', 'HUNDESTED', 'DK'),
('29410', 'FREDERIKSVAERK', 'DK'),
('29420', 'FREDERIKSSUND', 'DK'),
('29435', 'KYNDBYVAERKETS ', 'DK'),
('29440', 'HOLBAEK', 'DK'),
('29455', 'NYKOBING (MOR)', 'DK'),
('29490', 'KALUNDBORG', 'DK'),
('29520', 'KORSOR', 'DK'),
('29530', 'SKAELSKOR', 'DK'),
('29545', 'STIGSNAESVAERKE', 'DK'),
('29546', 'GULFHAVEN', 'DK'),
('29555', 'NAESTVED', 'DK'),
('29560', 'VORDINGBORG', 'DK'),
('29580', 'STUBBEKOBING', 'DK'),
('29600', 'STEGE', 'DK'),
('29630', 'NYKOBING (FALST', 'DK'),
('29660', 'SAKSKOBING', 'DK'),
('29670', 'BANDHOLM', 'DK'),
('29700', 'NAKSKOV', 'DK'),
('29710', 'RODBY HAVN', 'DK'),
('29720', 'NYSTED', 'DK'),
('29760', 'RUDKOBING', 'DK'),
('29790', 'MARSTAL', 'DK'),
('29800', 'AEROSKOBING', 'DK'),
('29830', 'SVENDBORG', 'DK'),
('29860', 'NYBORG', 'DK'),
('29870', 'KERTEMINDE', 'DK'),
('29880', 'ODENSE', 'DK'),
('29905', 'SKAERBAEK', 'DK'),
('29910', 'MIDDELFART', 'DK'),
('29930', 'ASSENS', 'DK'),
('29940', 'FABORG', 'DK'),
('30060', 'SONDERBORG', 'DK'),
('30095', 'AUGUSTENBORG', 'DK'),
('30100', 'ABENRA', 'DK'),
('30105', 'ENSTED', 'DK'),
('30120', 'HADERSLEV', 'DK'),
('30160', 'KOLDING', 'DK'),
('30170', 'FREDERICIA', 'DK'),
('30190', 'VEJLE', 'DK'),
('30230', 'HORSENS', 'DK'),
('30260', 'ARHUS', 'DK'),
('30285', 'STUDSTRUP', 'DK'),
('30290', 'GRENAA HAVN', 'DK'),
('30330', 'RANDERS', 'DK'),
('30340', 'HADSUND', 'DK'),
('30350', 'MARIAGER', 'DK'),
('30360', 'HOBRO', 'DK'),
('30380', 'HALS', 'DK'),
('30400', 'ALBORG', 'DK'),
('30430', 'FREDERIKSHAVN', 'DK'),
('30440', 'SKAGEN HAVN', 'DK'),
('30450', 'HIRTSHALS', 'DK'),
('30455', 'HANSTHOLM', 'DK'),
('30457', 'THISTED', 'DK'),
('30460', 'THYBORON', 'DK'),
('30480', 'LEMVIG', 'DK'),
('30500', 'HOLSTEBRO-STUER', 'DK'),
('30630', 'RINGKOBING', 'DK'),
('30640', 'ESBJERG', 'DK'),
('30680', 'HUSUM', 'DE'),
('30695', 'BUSUM', 'DE'),
('30710', 'BRUNSBUTTEL ELB', 'DE'),
('30720', 'BRUNSBUTTEL CAN', 'DE'),
('30725', 'ITZEHOE', 'DE'),
('30730', 'RENDSBURG', 'DE'),
('30740', 'NEUHAUS', 'DE'),
('30760', 'GLUCKSTADT', 'DE'),
('30780', 'HAMBURG', 'DE'),
('30785', 'BUTZFLETH', 'DE'),
('30800', 'CUXHAVEN', 'DE'),
('30810', 'BREMERHAVEN', 'DE');
INSERT INTO `port` (`portcode`, `portnom`, `portpays`) VALUES
('30840', 'NORDENHAM', 'DE'),
('30850', 'BRAKE', 'DE'),
('30860', 'ELSFLETH', 'DE'),
('30870', 'OLDENBURG', 'DE'),
('30900', 'BREMEN', 'DE'),
('30910', 'WILHELMSHAVEN', 'DE'),
('30950', 'EMDEN', 'DE'),
('30960', 'LEER', 'DE'),
('30970', 'PAPENBURG', 'DE'),
('30985', 'EEMSHAVEN', 'NL'),
('30990', 'DELFZIJL', 'NL'),
('31010', 'HARLINGEN', 'NL'),
('31020', 'DEN HELDER', 'NL'),
('31040', 'IJMUIDEN', 'NL'),
('31050', 'ZAANDAM', 'NL'),
('31060', 'AMSTERDAM', 'NL'),
('31070', 'SCHEVENINGEN', 'NL'),
('31080', 'HOEK VAN HOLLAN', 'NL'),
('31085', 'EUROPOORT', 'NL'),
('31100', 'MAASSLUIS', 'NL'),
('31120', 'VLAARDINGEN', 'NL'),
('31130', 'SCHIEDAM', 'NL'),
('31140', 'ROTTERDAM', 'NL'),
('31150', 'DORDRECHT', 'NL'),
('31210', 'VLISSINGEN', 'NL'),
('31215', 'HANSWEERT', 'NL'),
('31220', 'TERNEUZEN', 'NL'),
('31250', 'ANTWERPEN', 'BE'),
('31260', 'BRUXELLES', 'BE'),
('31270', 'GHENT', 'BE'),
('31280', 'ZEEBRUGGE', 'BE'),
('31290', 'BRUGES', 'BE'),
('31310', 'OOSTENDE', 'BE'),
('31320', 'NIEUWPOORT', 'BE'),
('31360', 'WHITSTABLE', 'GB'),
('31370', 'SHEERNESS', 'GB'),
('31375', 'ISLE OF GRAIN', 'GB'),
('31376', 'THAMESPORT', 'GB'),
('31390', 'CHATHAM DOCKS', 'GB'),
('31420', 'GRAVESEND', 'GB'),
('31430', 'TILBURY', 'GB'),
('31470', 'LONDON', 'GB'),
('31506', 'COLCHESTER', 'GB'),
('31530', 'HARWICH', 'GB'),
('31550', 'IPSWICH', 'GB'),
('31560', 'FELIXSTOWE', 'GB'),
('31570', 'LOWESTOFT', 'GB'),
('31580', 'GREAT YARMOUTH', 'GB'),
('31600', 'WISBECH', 'GB'),
('31610', 'KING\'S LYNN', 'GB'),
('31630', 'BOSTON', 'GB'),
('31640', 'GRIMSBY', 'GB'),
('31650', 'IMMINGHAM', 'GB'),
('31660', 'KINGSTON UPON H', 'GB'),
('31665', 'HOWDENDYKE', 'GB'),
('31668', 'NEW HOLLAND', 'GB'),
('31670', 'GOOLE', 'GB'),
('31680', 'BRIDLINGTON', 'GB'),
('31690', 'SCARBOROUGH', 'GB'),
('31700', 'WHITBY', 'GB'),
('31720', 'TEESPORT', 'GB'),
('31740', 'HARTLEPOOL', 'GB'),
('31750', 'SEAHAM', 'GB'),
('31760', 'SUNDERLAND', 'GB'),
('31765', 'TYNEMOUTH', 'GB'),
('31820', 'BLYTH', 'GB'),
('31830', 'WARKWORTH HARBO', 'GB'),
('31860', 'BERWICK-UPON-TW', 'GB'),
('31880', 'EYEMOUTH', 'GB'),
('31890', 'DUNBAR', 'GB'),
('31895', 'BIRD PORT', 'GB'),
('31930', 'LEITH', 'GB'),
('31940', 'GRANTON', 'GB'),
('31945', 'BRAEFOOT BAY TE', 'GB'),
('31972', 'HOUND POINT TER', 'GB'),
('31980', 'ROSYTH', 'GB'),
('32010', 'GRANGEMOUTH', 'GB'),
('32030', 'BURNTISLAND', 'GB'),
('32070', 'METHIL', 'GB'),
('32170', 'DUNDEE', 'GB'),
('32180', 'PERTH', 'GB'),
('32200', 'MONTROSE', 'GB'),
('32220', 'ABERDEEN', 'GB'),
('32230', 'PETERHEAD', 'GB'),
('32240', 'FRASERBURGH HAR', 'GB'),
('32250', 'MACDUFF', 'GB'),
('32290', 'BUCKIE HARBOR', 'GB'),
('32300', 'LOSSIEMOUTH', 'GB'),
('32320', 'BURGHEAD', 'GB'),
('32330', 'INVERNESS', 'GB'),
('32340', 'CROMARTY', 'GB'),
('32350', 'INVERGORDON', 'GB'),
('32360', 'PORTMAHOMACK HA', 'GB'),
('32370', 'HELMSDALE HARBO', 'GB'),
('32380', 'WICK', 'GB'),
('32410', 'PIEROWALL', 'GB'),
('32420', 'KETTLETOFT', 'GB'),
('32430', 'WHITEHALL', 'GB'),
('32440', 'KIRKWALL', 'GB'),
('32450', 'STROMNESS', 'GB'),
('32460', 'SOUTH NESS', 'GB'),
('32470', 'ST MARGARETS HO', 'GB'),
('32490', 'LYNESS', 'GB'),
('32500', 'SCAPA BAY', 'GB'),
('32590', 'SCALLOWAY', 'GB'),
('32600', 'LERWICK', 'GB'),
('32630', 'SULLOM VOE', 'GB'),
('32676', 'VAGUR', 'FO'),
('32680', 'TVOROYRI', 'FO'),
('32690', 'TORSHAVN', 'FO'),
('32700', 'KONGSHAVN', 'FO'),
('32702', 'RUNAVIK', 'FO'),
('32720', 'VESTMANNA', 'FO'),
('32730', 'SORVAGUR', 'FO'),
('32740', 'FUGLAFJORDUR', 'FO'),
('32750', 'KLAKSVIK', 'FO'),
('32780', 'SCRABSTER HARBO', 'GB'),
('32820', 'ULLAPOOL', 'GB'),
('32830', 'AULTBEA', 'GB'),
('32850', 'GAIRLOCH', 'GB'),
('32890', 'PLOCKTON', 'GB'),
('32900', 'KYLE OF LOCHALS', 'GB'),
('32910', 'KYLEAKIN', 'GB'),
('32920', 'BROADFORD BAY', 'GB'),
('32930', 'PORTREE HARBOR', 'GB'),
('32950', 'UIG', 'GB'),
('32955', 'LOCHMADDY', 'GB'),
('32980', 'CASTLE BAY', 'GB'),
('32990', 'LOCHBOISDALE', 'GB'),
('33020', 'STORNOWAY HARBO', 'GB'),
('33030', 'TARBERT', 'GB'),
('33060', 'ORNSAY', 'GB'),
('33090', 'MALLAIG', 'GB'),
('33140', 'TOBERMORY', 'GB'),
('33145', 'KILKEEL', 'GB'),
('33160', 'LOCHALINE', 'GB'),
('33170', 'CRAIGNURE', 'GB'),
('33190', 'CORPACH', 'GB'),
('33200', 'FORT WILLIAM', 'GB'),
('33210', 'GLENSANDA', 'GB'),
('33250', 'OBAN', 'GB'),
('33280', 'PORT ELLEN', 'GB'),
('33290', 'CRINAN (CANAL)', 'GB'),
('33300', 'CAMPBELTOWN', 'GB'),
('33310', 'LAMLASH HARBOR', 'GB'),
('33340', 'ARDRISHAIG', 'GB'),
('33370', 'ROTHESAY HARBOR', 'GB'),
('33390', 'GREENOCK', 'GB'),
('33405', 'FINNART OIL TER', 'GB'),
('33450', 'BOWLING', 'GB'),
('33460', 'OLD KILPATRICK', 'GB'),
('33470', 'ROTHESAY DOCK', 'GB'),
('33480', 'RENFREW', 'GB'),
('33490', 'GLASGOW', 'GB'),
('33500', 'LARGS', 'GB'),
('33515', 'HUNTERSTON', 'GB'),
('33520', 'MILLPORT', 'GB'),
('33530', 'ARDROSSAN', 'GB'),
('33550', 'TROON', 'GB'),
('33560', 'AYR', 'GB'),
('33570', 'STRANRAER', 'GB'),
('33577', 'BANGOR', 'GB'),
('33610', 'DOUGLAS', 'GB'),
('33620', 'RAMSEY', 'GB'),
('33680', 'WARREN POINT', 'GB'),
('33690', 'ARDGLASS', 'GB'),
('33770', 'BELFAST', 'GB'),
('33780', 'KILROOT', 'GB'),
('33790', 'LARNE', 'GB'),
('33820', 'COLERAINE', 'GB'),
('33830', 'LONDONDERRY', 'GB'),
('33880', 'RATHMULLAN', 'IE'),
('33930', 'KILLYBEGS', 'IE'),
('33950', 'SLIGO', 'IE'),
('33985', 'LANCASTER', 'GB'),
('34020', 'WESTPORT', 'IE'),
('34025', 'DROGHEDA', 'IE'),
('34060', 'GALWAY', 'IE'),
('34110', 'LIMERICK', 'IE'),
('34130', 'FOYNES', 'IE'),
('34150', 'TARBERT', 'IE'),
('34160', 'FENIT', 'IE'),
('34190', 'CASTLETOWN BEAR', 'IE'),
('34196', 'VALENTIA', 'IE'),
('34200', 'KILRUSH', 'IE'),
('34260', 'BANTRY', 'IE'),
('34350', 'COBH', 'IE'),
('34360', 'CORK', 'IE'),
('34390', 'NEW ROSS', 'IE'),
('34400', 'WATERFORD', 'IE'),
('34420', 'ROSSLARE', 'IE'),
('34480', 'DUBLIN', 'IE'),
('34560', 'GREENORE', 'IE'),
('34590', 'SILLOTH', 'GB'),
('34610', 'WORKINGTON', 'GB'),
('34630', 'BARROW IN FURNE', 'GB'),
('34640', 'HEYSHAM', 'GB'),
('34648', 'GARLSTON', 'GB'),
('34650', 'LIVERPOOL BAY T', 'GB'),
('34660', 'FLEETWOOD', 'GB'),
('34685', 'MOSTYN', 'GB'),
('34690', 'LIVERPOOL', 'GB'),
('34700', 'MANCHESTER', 'GB'),
('34770', 'HOLYHEAD', 'GB'),
('34780', 'CAERNARVON', 'GB'),
('34850', 'FISHGUARD', 'GB'),
('34880', 'MILFORD HAVEN', 'GB'),
('34950', 'SWANSEA', 'GB'),
('34970', 'NEATH', 'GB'),
('34980', 'PORT TALBOT', 'GB'),
('34990', 'BARRY', 'GB'),
('35010', 'CARDIFF', 'GB'),
('35015', 'NEWPORT', 'GB'),
('35040', 'SHARPNESS', 'GB'),
('35060', 'AVONMOUTH', 'GB'),
('35070', 'BRISTOL', 'GB'),
('35100', 'BRIDGWATER', 'GB'),
('35110', 'WATCHET HARBOR', 'GB'),
('35150', 'BIDEFORD', 'GB'),
('35170', 'PADSTOW', 'GB'),
('35200', 'HAYLE', 'GB'),
('35210', 'ST. MARY\'S (SCI', 'GB'),
('35240', 'NEWLYN', 'GB'),
('35250', 'PENZANCE', 'GB'),
('35290', 'FALMOUTH HARBOU', 'GB'),
('35300', 'MEVAGISSEY', 'GB'),
('35320', 'CHARLESTOWN', 'GB'),
('35330', 'PAR', 'GB'),
('35340', 'FOWEY HARBOUR', 'GB'),
('35370', 'PLYMOUTH', 'GB'),
('35390', 'DARTMOUTH HARBO', 'GB'),
('35400', 'BRIXHAM HARBOUR', 'GB'),
('35410', 'TORQUAY HARBOUR', 'GB'),
('35415', 'TEIGNMOUTH HARB', 'GB'),
('35440', 'BRIDPORT HARBOU', 'GB'),
('35450', 'PORTLAND HARBOU', 'GB'),
('35460', 'WEYMOUTH HARBOU', 'GB'),
('35480', 'POOLE HARBOUR', 'GB'),
('35550', 'COWES HARBOUR', 'GB'),
('35560', 'YARMOUTH HARBOU', 'GB'),
('35580', 'SOUTHAMPTON', 'GB'),
('35590', 'FAWLEY MARINE T', 'GB'),
('35600', 'PORTSMOUTH HARB', 'GB'),
('35610', 'LITTLEHAMPTON H', 'GB'),
('35630', 'SHOREHAM HARBOU', 'GB'),
('35650', 'NEWHAVEN HARBOU', 'GB'),
('35690', 'RYE HARBOUR', 'GB'),
('35700', 'FOLKESTONE HARB', 'GB'),
('35710', 'DOVER HARBOR', 'GB'),
('35715', 'RAMSGATE', 'GB'),
('35730', 'LE HAVRE', 'FR'),
('35732', 'DUNKERQUE PORT ', 'FR'),
('35740', 'GRAVELINES', 'FR'),
('35750', 'CALAIS', 'FR'),
('35760', 'BOULOGNE-SUR-ME', 'FR'),
('35790', 'SAINT-VALERY-SU', 'FR'),
('35800', 'LE TREPORT', 'FR'),
('35810', 'DIEPPE', 'FR'),
('35830', 'FECAMP', 'FR'),
('35835', 'GENEVILIER', 'FR'),
('35850', 'ROUEN', 'FR'),
('35860', 'HONFLEUR', 'FR'),
('35870', 'DEAUVILLE', 'FR'),
('35880', 'CAEN', 'FR'),
('35885', 'OUISTREHAM', 'FR'),
('35950', 'RADE DE CHERBOU', 'FR'),
('35980', 'ALDERNEY HARBOU', 'GB'),
('35990', 'SAINT SAMPSON', 'GB'),
('36000', 'SAINT PETER POR', 'GB'),
('36040', 'SAINT HELIER HA', 'GB'),
('36110', 'GRANVILLE', 'FR'),
('36130', 'SAINT-MALO', 'FR'),
('36220', 'LE LEGUE', 'FR'),
('36260', 'PAIMPOL', 'FR'),
('36290', 'PONTRIEUX', 'FR'),
('36300', 'TREGUIER', 'FR'),
('36360', 'MORLAIX', 'FR'),
('36370', 'ROSCOFF', 'FR'),
('36460', 'RADE DE BREST', 'FR'),
('36620', 'CONCARNEAU', 'FR'),
('36680', 'LORIENT', 'FR'),
('36850', 'ST NAZAIRE', 'FR'),
('36855', 'MONTOIR', 'FR'),
('36860', 'DONGES', 'FR'),
('36900', 'NANTES', 'FR'),
('36960', 'LES SABLES D\' O', 'FR'),
('37000', 'LA PALLICE', 'FR'),
('37010', 'LA ROCHELLE', 'FR'),
('37040', 'ROCHEFORT', 'FR'),
('37050', 'TONNAY CHARENTE', 'FR'),
('37120', 'LE VERDON', 'FR'),
('37150', 'PAUILLAC', 'FR'),
('37160', 'BLAYE', 'FR'),
('37170', 'AMBES', 'FR'),
('37190', 'BORDEAUX', 'FR'),
('37230', 'BAYONNE', 'FR'),
('37290', 'PUERTO DE PASAJ', 'ES'),
('37350', 'BERMEO', 'ES'),
('37400', 'PUERTO DE BILBA', 'ES'),
('37470', 'SANTANDER', 'ES'),
('37560', 'GIJON', 'ES'),
('37600', 'AVILES', 'ES'),
('37670', 'RIBADEO', 'ES'),
('37690', 'SAN CIPRIAN', 'ES'),
('37740', 'FERROL', 'ES'),
('37770', 'LA CORUNA', 'ES'),
('37830', 'VILLAGARCIA DE ', 'ES'),
('37860', 'MARIN', 'ES'),
('37900', 'VIGO', 'ES'),
('37940', 'VIANA DO CASTEL', 'PT'),
('37950', 'PORTO DE LEIXOE', 'PT'),
('37960', 'DOURO', 'PT'),
('37970', 'AVEIRO', 'PT'),
('37980', 'FIGUEIRA DA FOZ', 'PT'),
('37990', 'LISBOA', 'PT'),
('38000', 'SETUBAL', 'PT'),
('38005', 'SINES', 'PT'),
('38010', 'LAGOS', 'PT'),
('38030', 'FARO', 'PT'),
('38050', 'VILA REAL DE S ', 'PT'),
('38080', 'HORTA', 'PT'),
('38083', 'LAJES', 'PT'),
('38090', 'ANGRA DO HEROIS', 'PT'),
('38095', 'PRAIA DE VITORI', 'PT'),
('38100', 'PONTA DELGADA', 'PT'),
('38110', 'VILA DO PORTO', 'PT'),
('38130', 'FUNCHAL', 'PT'),
('38150', 'SANTA CRUZ DE L', 'ES'),
('38160', 'SANTA CRUZ DE T', 'ES'),
('38170', 'LAS PALMAS', 'ES'),
('38180', 'PUERTO DEL ROSA', 'ES'),
('38190', 'ARRECIFE', 'ES'),
('38220', 'HUELVA', 'ES'),
('38270', 'SEVILLA', 'ES'),
('38280', 'ROTA', 'ES'),
('38290', 'CADIZ', 'ES'),
('38310', 'ALGECIRAS', 'ES'),
('38330', 'EUROPA POINT', 'GI'),
('38370', 'MALAGA', 'ES'),
('38375', 'MOTRIL', 'ES'),
('38380', 'ADRA', 'ES'),
('38390', 'ALMERIA', 'ES'),
('38395', 'PUERTO DE CARBO', 'ES'),
('38398', 'PUERTO DE GARRU', 'ES'),
('38410', 'AGUILAS', 'ES'),
('38420', 'HORNILLO', 'ES'),
('38430', 'CARTAGENA', 'ES'),
('38433', 'ISLAS HORMIGAS', 'ES'),
('38435', 'TORREVIEJA', 'ES'),
('38440', 'ALICANTE', 'ES'),
('38460', 'PUERTO DE GANDI', 'ES'),
('38480', 'VALENCIA', 'ES'),
('38490', 'SAGUNTO', 'ES'),
('38495', 'BURRIANA', 'ES'),
('38500', 'EL GRAO', 'ES'),
('38540', 'TARRAGONA', 'ES'),
('38543', 'VILLANUEVA Y GE', 'ES'),
('38550', 'BARCELONA', 'ES'),
('38570', 'SAN FELIU DE GU', 'ES'),
('38580', 'PALAMOS', 'ES'),
('38585', 'LAS HORMIGAS', 'ES'),
('38590', 'ROSAS', 'ES'),
('38610', 'IBIZA', 'ES'),
('38630', 'PALMA DE MALLOR', 'ES'),
('38670', 'PUERTO DE ALCUD', 'ES'),
('38690', 'MAHON', 'ES'),
('38720', 'PORT-VENDRES', 'FR'),
('38730', 'PORT-LA-NOUVELL', 'FR'),
('38750', 'SETE', 'FR'),
('38770', 'SAINT LOUIS', 'FR'),
('38775', 'FOS', 'FR'),
('38780', 'PORT-DE-BOUC', 'FR'),
('38810', 'MARSEILLE', 'FR'),
('38870', 'TOULON', 'FR'),
('38920', 'SAINT-TROPEZ', 'FR'),
('38940', 'SAINT-RAPHAEL', 'FR'),
('38960', 'CANNES', 'FR'),
('38980', 'ANTIBES', 'FR'),
('38990', 'NICE', 'FR'),
('39000', 'VILLEFRANCHE', 'FR'),
('39025', 'MONACO', 'MC'),
('39060', 'BASTIA', 'FR'),
('39070', 'PORTO VECCHIO', 'FR'),
('39080', 'BONIFACIO', 'FR'),
('39090', 'PROPRIA', 'FR'),
('39100', ' AJACCIO', 'FR'),
('39110', 'CALVI', 'FR'),
('39120', 'L\'ILE ROUSSE', 'FR'),
('39140', 'LA MADDALENA', 'IT'),
('39180', 'OLBIA', 'IT'),
('39190', 'ARBATAX', 'IT'),
('39210', 'CAGLIARI', 'IT'),
('39215', 'SARROCH OIL TER', 'IT'),
('39220', 'PORTO PONTE ROM', 'IT'),
('39250', 'CARLOFORTE', 'IT'),
('39260', 'PORTO VESME', 'IT'),
('39261', 'PORTO DI ORISTA', 'IT'),
('39310', 'PORTO TORRES', 'IT'),
('39360', 'SAN REMO', 'IT'),
('39370', 'IMPERIA', 'IT'),
('39420', 'RADA DI VADO', 'IT'),
('39440', 'SAVONA', 'IT'),
('39460', 'ORISTANO', 'IT'),
('39470', 'GENOVA', 'IT'),
('39520', 'LA SPEZIA', 'IT'),
('39550', 'MARINA DI CARRA', 'IT'),
('39590', 'LIVORNO', 'IT'),
('39610', 'VADA', 'IT'),
('39720', 'PORTOFERRAIO', 'IT'),
('39740', 'PORTOVECCHIO DI', 'IT'),
('39790', 'PORTO SANTO STE', 'IT'),
('39810', 'CIVITAVECCHIA', 'IT'),
('39820', 'FIUMICINO', 'IT'),
('39830', 'ANZIO', 'IT'),
('39860', 'GAETA', 'IT'),
('39940', 'POZZUOLI', 'IT'),
('39950', 'BAGNOLI', 'IT'),
('39960', 'NAPOLI', 'IT'),
('39990', 'TORRE ANNUNZIAT', 'IT'),
('40000', 'CASTELLAMMARE D', 'IT'),
('40040', 'SALERNO', 'IT'),
('40060', 'VIBO VALENTIA M', 'IT'),
('40080', 'REGGIO DI CALAB', 'IT'),
('40100', 'MESSINA', 'IT'),
('40110', 'MILAZZO', 'IT'),
('40115', 'GIOIA TAURO', 'IT'),
('40120', 'TERMINI IMERESE', 'IT'),
('40130', 'PORTO DI PALERM', 'IT'),
('40150', 'TRAPANI', 'IT'),
('40170', 'MARSALA', 'IT'),
('40180', 'MAZARA DEL VALL', 'IT'),
('40200', 'PORTO EMPEDOCLE', 'IT'),
('40210', 'LICATA', 'IT'),
('40220', 'GELA', 'IT'),
('40230', 'POZZALLO', 'IT'),
('40240', 'SIRACUSA', 'IT'),
('40245', 'MELILLI OIL TER', 'IT'),
('40250', 'AUGUSTA', 'IT'),
('40270', 'CATANIA', 'IT'),
('40300', 'LIPARI', 'IT'),
('40330', 'VALLETTA HARBOR', 'MT'),
('40340', 'MARSAXLOKK', 'MT'),
('40440', 'CROTONE', 'IT'),
('40470', 'TARANTO', 'IT'),
('40480', 'GALLIPOLI', 'IT'),
('40490', 'OTRANTO', 'IT'),
('40500', 'BRINDISI', 'IT'),
('40505', 'TORRE DEL GRECO', 'IT'),
('40510', 'MONOPOLI', 'IT'),
('40530', 'BARI', 'IT'),
('40550', 'MOLFETTA', 'IT'),
('40580', 'PORTO DI BARLET', 'IT'),
('40590', 'MANFREDONIA', 'IT'),
('40615', 'VASTO', 'IT'),
('40620', 'ORTONA', 'IT'),
('40630', 'PESCARA', 'IT'),
('40660', 'ANCONA', 'IT'),
('40720', 'PORTO DI CORSIN', 'IT'),
('40745', 'PORTO DI CHIOGG', 'IT'),
('40750', 'PORTO DI MALAMO', 'IT'),
('40760', 'PORTO DI LIDO-V', 'IT'),
('40790', 'MONFALCONE', 'IT'),
('40820', 'TRIESTE', 'IT'),
('40830', 'MUGGIA', 'IT'),
('40860', 'KOPER', 'SI'),
('40870', 'PIRAN', 'SI'),
('40880', 'UMAG', 'HR'),
('40940', 'ROVINJ', 'HR'),
('40960', 'PULA', 'HR'),
('40980', 'ZALIV RASA', 'HR'),
('40985', 'BRSICA', 'HR'),
('41010', 'RIJEKA LUKA', 'HR'),
('41030', 'BAKAR', 'HR'),
('41045', 'OMISALJ', 'HR'),
('41090', 'SENJ', 'HR'),
('41220', 'ZADAR', 'HR'),
('41290', 'SIBENIK', 'HR'),
('41320', 'SPLIT', 'HR'),
('41350', 'DUGI RAT', 'HR'),
('41410', 'PLOCE', 'HR'),
('41415', 'NEUM', 'BA'),
('41420', 'KORCULA', 'HR'),
('41550', 'DUBROVNIK', 'HR'),
('41590', 'RISAN', 'ME'),
('41610', 'KOTOR', 'ME'),
('41620', 'TIVAT', 'ME'),
('41640', 'BAR', 'ME'),
('41660', 'SHENGJIN', 'AL'),
('41670', 'DURRES', 'AL'),
('41690', 'VLORES', 'AL'),
('41720', 'KERKIRA', 'GR'),
('41730', 'PREVEZA', 'GR'),
('41790', 'ARGOSTOLION', 'GR'),
('41800', 'MESOLONGION', 'GR'),
('41820', 'ITEA', 'GR'),
('41840', 'AIYION', 'GR'),
('41850', 'PATRAI', 'GR'),
('41880', 'KATAKOLON', 'GR'),
('41910', 'PILOS', 'GR'),
('41940', 'KALAMATA', 'GR'),
('41950', 'YITHION', 'GR'),
('42050', 'NAVPLIO', 'GR'),
('42070', 'SPETSES', 'GR'),
('42120', 'LAVRIO', 'GR'),
('42160', 'MEGARA OIL TERM', 'GR'),
('42180', 'AYIOS NIKOLAOS', 'GR'),
('42200', 'ELEVSIS', 'GR'),
('42205', 'PAKHI OIL TERMI', 'GR'),
('42210', 'PERAMA', 'GR'),
('42230', 'PIRAIEVS', 'GR'),
('42300', 'ORMOS MIKRO VAT', 'GR'),
('42310', 'DHIAVLOS STENO', 'GR'),
('42327', 'CHALKIS', 'GR'),
('42340', 'ORMOS ALIVERIOU', 'GR'),
('42345', 'ASTAKOS', 'GR'),
('42378', 'ASPROPIRGOS', 'GR'),
('42400', 'PORTHMOS EVRIPO', 'GR'),
('42415', 'LARIMNA', 'GR'),
('42420', 'KYMASSI', 'GR'),
('42434', 'ACHLADI', 'GR'),
('42440', 'STILIS', 'GR'),
('42460', 'TSINGELI', 'GR'),
('42470', 'VOLOS', 'GR'),
('42490', 'MILIANA', 'GR'),
('42530', 'THESSALONIKI', 'GR'),
('42550', 'YERAKINI', 'GR'),
('42570', 'STRATONI', 'GR'),
('42600', 'KAVALA', 'GR'),
('42620', 'LAGOS', 'GR'),
('42630', 'ALEXANDROUPOLI', 'GR'),
('42760', 'MITILINI', 'GR'),
('42780', 'PLOMARION', 'GR'),
('42790', 'VRAKHONISIS KAL', 'GR'),
('42820', 'KHIOS', 'GR'),
('42840', 'NEON KARLOVAS', 'GR'),
('42850', 'SAMOS', 'GR'),
('42860', 'PITHAGORION', 'GR'),
('42880', 'GAVRIO', 'GR'),
('42890', 'ANDROS', 'GR'),
('42905', 'MIKONOS', 'GR'),
('42920', 'LIMIN SIROU', 'GR'),
('42980', 'NISOS NAXOS', 'GR'),
('43030', 'MILOS', 'GR'),
('43093', 'AKRA KAVONISI', 'GR'),
('43100', 'SOUDHA', 'GR'),
('43120', 'RETHIMNON', 'GR'),
('43130', 'IRAKLION', 'GR'),
('43150', 'SITIA', 'GR'),
('43155', 'AYIOS NIKOLAOS', 'GR'),
('43165', 'KALI LIMENES', 'GR'),
('43210', 'RODHOS', 'GR'),
('43250', 'LIMIN KOS', 'GR'),
('43260', 'KALIMNOS', 'GR'),
('43280', 'LAKKI', 'GR'),
('43334', 'ALIAGA', 'TR'),
('43340', 'GEMLIK', 'TR'),
('43370', 'ECEABAT', 'TR'),
('43380', 'GELIBOLU', 'TR'),
('43384', 'BORUSAN FERTILI', 'TR'),
('43388', 'AMBARLI', 'TR'),
('43390', 'TEKIRDAG', 'TR'),
('43420', 'ISTANBUL', 'TR'),
('43430', 'DEFTERDAR BURNU', 'TR'),
('43435', 'ISTINYE', 'TR'),
('43500', 'BURGAS', 'BG'),
('43510', 'VARNA', 'BG'),
('43550', 'MANGALIA', 'RO'),
('43558', 'BASARABI', 'RO'),
('43560', 'CONSTANTA', 'RO'),
('43562', 'MEDGIDIA', 'RO'),
('43565', 'DANUBE-BLACK SE', 'RO'),
('43566', 'CERNAVODA', 'RO'),
('43568', 'MIDIA', 'RO'),
('43570', 'SULINA', 'RO'),
('43572', 'TULCEA', 'RO'),
('43590', 'BRAILA', 'RO'),
('43600', 'GALATI', 'RO'),
('43625', 'IZMAYIL', 'UA'),
('43645', 'ILLICHIVSK', 'UA'),
('43650', 'ODESA', 'UA'),
('43655', 'YUZHNYY', 'UA'),
('43670', 'MYKOLAYIV', 'UA'),
('43673', 'PORT OKTYABRSK', 'UA'),
('43677', 'DNIPRO-BUZKYY', 'UA'),
('43680', 'KHERSON', 'UA'),
('43700', 'BELGOROD-DNESTR', 'UA'),
('43710', 'SKADOVS\'K', 'UA'),
('43720', 'KHORLY', 'UA'),
('43745', 'CHORNOMORS KE', 'UA'),
('43747', 'UST-DUNAISK', 'UA'),
('43750', 'YEVPATORIYA', 'UA'),
('43760', 'SEVASTOPOL', 'UA'),
('43780', 'BALAKLAVA', 'UA'),
('43790', 'YALTA', 'UA'),
('43810', 'ALUSHTA', 'UA'),
('43835', 'SUDAK', 'UA'),
('43850', 'FEODOSIYA', 'UA'),
('43900', 'KERCH', 'UA'),
('43925', 'RENI', 'UA'),
('43940', 'HENICHESK', 'UA'),
('43950', 'KYRYLIVKA', 'UA'),
('44000', 'BERDYANSK', 'UA'),
('44010', 'MARIUPOL', 'UA'),
('44060', 'TAGANROG', 'RU'),
('44070', 'ROSTOV-NA-DONU', 'RU'),
('44080', 'AZOV', 'RU'),
('44090', 'YEYSK', 'RU'),
('44140', 'TEMRYUK', 'RU'),
('44162', 'KAVKAZ OIL TERM', 'RU'),
('44180', 'ANAPA', 'RU'),
('44200', 'NOVOROSSIYSK', 'RU'),
('44210', 'GELENDZHIK', 'RU'),
('44230', 'TUAPSE', 'RU'),
('44240', 'SOCHI', 'RU'),
('44270', 'ADLER', 'RU'),
('44320', 'SOKHUMI', 'GE'),
('44340', 'POTI', 'GE'),
('44345', 'SUPSA MARINE TE', 'GE'),
('44350', 'BATUMI', 'GE'),
('44370', 'HOPA', 'TR'),
('44380', 'RIZE', 'TR'),
('44390', 'TRABZON', 'TR'),
('44410', 'GIRESUN', 'TR'),
('44420', 'ORDU', 'TR'),
('44450', 'SAMSUN', 'TR'),
('44460', 'SINOP', 'TR'),
('44480', 'INEBOLU', 'TR'),
('44490', 'ZONGULDAK', 'TR'),
('44500', 'EREGLI', 'TR'),
('44540', 'HAYDARPASA', 'TR'),
('44542', 'BOTAS NATURAL G', 'TR'),
('44603', 'YARIMCA', 'TR'),
('44605', 'KABA BURNU', 'TR'),
('44610', 'DERINCE BURNU', 'TR'),
('44620', 'IZMIT', 'TR'),
('44622', 'GEBZE', 'TR'),
('44625', 'GOLCUK BURNU', 'TR'),
('44640', 'MUDANYA', 'TR'),
('44650', 'BANDIRMA', 'TR'),
('44660', 'ERDEK', 'TR'),
('44670', 'KARABIGA', 'TR'),
('44690', 'CANAKKALE', 'TR'),
('44730', 'AYVALIK', 'TR'),
('44740', 'DIKILI', 'TR'),
('44750', 'IZMIR', 'TR'),
('44751', 'GULLUK', 'TR'),
('44752', 'NEMRUT LIMANI B', 'TR'),
('44770', 'KUSADASI', 'TR'),
('44790', 'BODRUM', 'TR'),
('44801', 'TOROS GUBRE', 'TR'),
('44802', 'BOTAS DORTYOL O', 'TR'),
('44803', 'YAKACIK', 'TR'),
('44804', 'DELTA TERMINAL', 'TR'),
('44805', 'MARMARIS', 'TR'),
('44807', 'AKSAZ LIMANI', 'TR'),
('44808', 'ANTALYA OFFSHOR', 'TR'),
('44810', 'FETHIYE', 'TR'),
('44820', 'ANTALYA', 'TR'),
('44825', 'ALANYA', 'TR'),
('44850', 'TASUCU', 'TR'),
('44860', 'MERSIN', 'TR'),
('44870', 'BOTAS', 'TR'),
('44880', 'ISKENDERUN', 'TR'),
('44900', 'KYRENIA', 'CY'),
('44910', 'XEROS', 'CY'),
('44950', 'LIMASSOL', 'CY'),
('44960', 'LARNACA', 'CY'),
('44965', 'DHEKELIA', 'CY'),
('44970', 'FAMAGUSTA', 'CY'),
('45003', 'TARTUS', 'SY'),
('45005', 'BANIYAS', 'SY'),
('45010', 'AL LADHIQIYAH', 'SY'),
('45025', 'TARABULUS', 'LB'),
('45030', 'BAYRUT', 'LB'),
('45036', 'SIDON/ZAHRANI T', 'LB'),
('45040', 'SAYDA', 'LB'),
('45080', 'HAIFA', 'IL'),
('45084', 'HADERA', 'IL'),
('45100', 'ASHDOD', 'IL'),
('45110', 'ASHQELON', 'IL'),
('45140', 'BUR SAID (PORT ', 'EG'),
('45151', 'DAMIETTA', 'EG'),
('45163', 'EL MAADIYA', 'EG'),
('45165', 'AL ISKANDARIYH ', 'EG'),
('45172', 'SIDI KERIR (KUR', 'EG'),
('45175', 'EL HAMRA OIL TE', 'EG'),
('45180', 'MERSA MATRUH', 'EG'),
('45220', 'MERSA TOBRUQ', 'LY'),
('45240', 'DARNAH', 'LY'),
('45280', 'BANGHAZI', 'LY'),
('45290', 'EZ ZUEITINA', 'LY'),
('45295', 'AL BURAYQAH', 'LY'),
('45296', 'RAS   LANUF', 'LY'),
('45297', 'AS SIDR', 'LY'),
('45320', 'MISRATAH', 'LY'),
('45323', 'KHOMS', 'LY'),
('45330', 'MINA TARABULUS ', 'LY'),
('45335', 'AZ ZAWIYA', 'LY'),
('45337', 'BOURI OIL FIELD', 'LY'),
('45340', 'MARSA SABRATAH', 'LY'),
('45350', 'ABU KHAMMASH', 'LY'),
('45365', 'ZARZIS', 'TN'),
('45368', 'DIDON TERMINAL', 'TN'),
('45370', 'HOUMT SOUK', 'TN'),
('45375', 'GABES', 'TN'),
('45377', 'ASHTART OIL TER', 'TN'),
('45380', 'SKHIRA', 'TN'),
('45390', 'MERSA SFAX', 'TN'),
('45400', 'MAHDIA', 'TN'),
('45410', 'SOUSSE', 'TN'),
('45420', 'LA GOULETTE', 'TN'),
('45430', 'TUNIS', 'TN'),
('45432', 'RADES', 'TN'),
('45435', 'TAZERKA OIL TER', 'TN'),
('45440', 'BANZART', 'TN'),
('45444', 'MENZEL BOURGUIB', 'TN'),
('45460', 'TABARKA', 'TN'),
('45490', 'ANNABA', 'DZ'),
('45510', 'SKIKDA', 'DZ'),
('45515', 'PORT METHANIER', 'DZ'),
('45520', 'COLLO', 'DZ'),
('45525', 'DJEN-DJEN', 'DZ'),
('45530', 'JIJEL', 'DZ'),
('45550', 'BEJAIA', 'DZ'),
('45560', 'DELLYS', 'DZ'),
('45570', 'ALGER', 'DZ'),
('45610', 'TENES', 'DZ'),
('45620', 'MOSTAGANEM', 'DZ'),
('45630', 'ARZEW', 'DZ'),
('45635', 'ARZEW EL DJEDID', 'DZ'),
('45640', 'ORAN', 'DZ'),
('45650', 'MERS EL KEBIR', 'DZ'),
('45660', 'BENI SAF', 'DZ'),
('45670', 'GHAZAOUET', 'DZ'),
('45720', 'PORT D AL HOCEI', 'MA'),
('45730', 'CUETA', 'ES'),
('45753', 'TANGIER-MEDITER', 'MA'),
('45755', 'TANGER', 'MA'),
('45762', 'PORT NADOR', 'MA'),
('45785', 'KENITRA', 'MA'),
('45790', 'MOHAMMEDIA', 'MA'),
('45793', 'CASABLANCA', 'MA'),
('45795', 'EL JADIDA', 'MA'),
('45796', 'EL JORF LASFAR', 'MA'),
('45797', 'SAFI', 'MA'),
('45800', 'ESSAOUIRA', 'MA'),
('45802', 'AGADIR', 'MA'),
('45808', 'AD DAKHLA', 'EH'),
('45809', 'LAAYOUNE', 'EH'),
('45812', 'NOUADHIBOU', 'MR'),
('45814', 'NOUAKCHOTT', 'MR'),
('45818', 'ST LOUIS', 'SN'),
('45819', 'M BAO OIL TERMI', 'SN'),
('45820', 'DAKAR', 'SN'),
('45821', 'RUFISQUE', 'SN'),
('45822', 'KARABANE', 'SN'),
('45823', 'LYNDIANE', 'SN'),
('45825', 'BANJUL', 'GM'),
('45835', 'RIO CACHEU', 'GW'),
('45838', 'BISSAU', 'GW'),
('45845', 'VICTORIA', 'GN'),
('45850', 'KAMSAR', 'GN'),
('45855', 'CONAKRY', 'GN'),
('45857', 'BENTI', 'GN'),
('45862', 'FREETOWN', 'SL'),
('45865', 'PEPEL', 'SL'),
('45867', 'BONTHE', 'SL'),
('45880', 'PORTO GRANDE', 'CV'),
('45910', 'PORTO DA PRAIA', 'CV'),
('45940', 'MONROVIA', 'LR'),
('45950', 'BUCHANAN', 'LR'),
('45952', 'GREENVILLE', 'LR'),
('45955', 'CAPE PALMAS', 'LR'),
('45963', 'SAN PEDRO', 'CI'),
('45970', 'BAOBAB MARINE T', 'CI'),
('45990', 'PORT BOUET', 'CI'),
('46000', 'ABIDJAN', 'CI'),
('46008', 'ESPOIR MARINE T', 'CI'),
('46040', 'TAKORADI', 'GH'),
('46045', 'SEKONDI', 'GH'),
('46063', 'SALTPOND', 'GH'),
('46070', 'TEMA', 'GH'),
('46090', 'LOME', 'TG'),
('46095', 'KPEME', 'TG'),
('46110', 'COTONOU', 'BJ'),
('46130', 'LAGOS', 'NG'),
('46131', 'TIN CAN ISLAND', 'NG'),
('46135', 'ESCRAVOS OIL TE', 'NG'),
('46140', 'KOKO', 'NG'),
('46150', 'SAPELE', 'NG'),
('46160', 'FORCADOS', 'NG'),
('46161', 'FORCADOS OIL TE', 'NG'),
('46165', 'BURUTU', 'NG'),
('46170', 'WARRI', 'NG'),
('46171', 'UKPOKITI MARINE', 'NG'),
('46178', 'YOHO TERMINAL', 'NG'),
('46180', 'SEA EAGLE TERMI', 'NG'),
('46190', 'BRASS OIL TERMI', 'NG'),
('46195', 'QUA IBOE OIL TE', 'NG'),
('46200', 'PENNINGTON OIL ', 'NG'),
('46205', 'BONNY', 'NG'),
('46206', 'BONNY OFFSHORE ', 'NG'),
('46207', 'OKRIKA', 'NG'),
('46208', 'ONNE', 'NG'),
('46210', 'PORT HARCOURT', 'NG'),
('46225', 'ANTAN OIL TERMI', 'NG'),
('46230', 'CALABAR', 'NG'),
('46235', 'ODUDU TERMINAL', 'NG'),
('46238', 'OKONO TERMINAL', 'NG'),
('46240', 'OKWORI TERMINAL', 'NG'),
('46262', 'LIMBOH TERMINAL', 'CM'),
('46280', 'DOUALA', 'CM'),
('46285', 'KOLE OIL TERMIN', 'CM'),
('46286', 'MOUDI MARINE TE', 'CM'),
('46287', 'EBOME MARINE TE', 'CM'),
('46292', 'KOME KRIBI 1 MA', 'CM'),
('46305', 'BATA', 'GQ'),
('46306', 'PUNTA EUROPA TE', 'GQ'),
('46310', 'SERPENTINA TERM', 'GQ'),
('46320', 'MALABO', 'GQ'),
('46330', 'LUBA', 'GQ'),
('46335', 'CEIBA TERMINAL', 'GQ'),
('46340', 'COGO', 'GQ'),
('46375', 'SANTO ANTONIO', 'ST'),
('46380', 'SAO TOME', 'ST'),
('46430', 'LIBREVILLE', 'GA'),
('46435', 'PORT OWENDO', 'GA'),
('46440', 'PORT GENTIL', 'GA'),
('46445', 'CAP LOPEZ', 'GA'),
('46446', 'OGUENDJO TERMIN', 'GA'),
('46453', 'GAMBA OIL TERMI', 'GA'),
('46454', 'M\'BYA OIL TERMI', 'GA'),
('46460', 'YOMBO TERMINAL', 'CG'),
('46470', 'POINTE NOIRE', 'CG'),
('46472', 'DJENO TERMINAL', 'CG'),
('46473', 'N\'KOSSA TERMINA', 'CG'),
('46485', 'TAKULA TERMINAL', 'AO'),
('46487', 'MALONGO OIL TER', 'AO'),
('46488', 'KUITO OIL FIELD', 'AO'),
('46490', 'CABINDA', 'AO'),
('46495', 'FUTILA TERMINAL', 'AO'),
('46510', 'BANANA', 'CD'),
('46520', 'BOMA', 'CD'),
('46530', 'MATADI', 'CD'),
('46545', 'SOYO ANGOLA LNG', 'AO'),
('46547', 'PALANCA TERMINA', 'AO'),
('46549', 'GIRASSOL TERMIN', 'AO'),
('46550', 'PORTO DO AMBRIZ', 'AO'),
('46553', 'ESTRELA OIL FIE', 'AO'),
('46560', 'LUANDA', 'AO'),
('46570', 'PORTO AMBOIM', 'AO'),
('46580', 'SUMBE', 'AO'),
('46590', 'LOBITO', 'AO'),
('46610', 'NAMIBE', 'AO'),
('46640', 'WALVIS BAY', 'NA'),
('46650', 'LUDERITZ BAY', 'NA'),
('46670', 'GEORGETOWN', 'SH'),
('46690', 'JAMESTOWN', 'SH'),
('46691', 'NORTH POINT', 'SH'),
('46710', 'EDINBURGH OF TH', 'SH'),
('46750', 'SALDANHA BAY', 'ZA'),
('46770', 'CAPE TOWN', 'ZA'),
('46780', 'SIMONSTOWN', 'ZA'),
('46800', 'MOSSEL BAY', 'ZA'),
('46820', 'PORT ELIZABETH', 'ZA'),
('46830', 'EAST LONDON', 'ZA'),
('46850', 'DURBAN', 'ZA'),
('46855', 'RICHARDS BAY', 'ZA'),
('46870', 'MAPUTO', 'MZ'),
('46880', 'INHAMBANE', 'MZ'),
('46890', 'BEIRA', 'MZ'),
('46900', 'CHINDE', 'MZ'),
('46910', 'QUELIMANE', 'MZ'),
('46920', 'PORTO BELO', 'MZ'),
('46925', 'PEBANE', 'MZ'),
('46930', 'MOCAMBIQUE', 'MZ'),
('46935', 'NACALA', 'MZ'),
('46940', 'PEMBA', 'MZ'),
('46950', 'IBO', 'MZ'),
('46970', 'MIKINDANI', 'TZ'),
('46975', 'MTWARA', 'TZ'),
('47000', 'KILWA KIVINJE', 'TZ'),
('47005', 'MJIMWEMA TERMIN', 'TZ'),
('47010', 'DAR ES SALAAM', 'TZ'),
('47020', 'CHAKE CHAKE', 'TZ'),
('47030', 'TANGA', 'TZ'),
('47050', 'ZANZIBAR', 'TZ'),
('47100', 'MOMBASA', 'KE'),
('47105', 'KILIFI', 'KE'),
('47107', 'MALINDI', 'KE'),
('47110', 'LAMU', 'KE'),
('47130', 'KISMAAYO', 'SO'),
('47140', 'BARAAWE', 'SO'),
('47150', 'MARKA', 'SO'),
('47160', 'MUQDISHO', 'SO'),
('47220', 'VICTORIA', 'SC'),
('47300', 'MORONI', 'KM'),
('47310', 'FOMBONI', 'KM'),
('47320', 'MOUTSAMOUDU', 'KM'),
('47340', 'DZAOUDZI', 'KM'),
('47360', 'ANDOANY', 'MG'),
('47400', 'MAHAJANGA', 'MG'),
('47420', 'MAINTIRANO', 'MG'),
('47430', 'MORONDAVA', 'MG'),
('47460', 'TOLIARA', 'MG'),
('47470', 'FARADOFAY', 'MG'),
('47500', 'MANAKARA', 'MG'),
('47510', 'MANANJARY', 'MG'),
('47540', 'TOAMASINA', 'MG'),
('47590', 'MAROANTSETRA', 'MG'),
('47620', 'IHARANA', 'MG'),
('47625', 'ANTSOHIM BONDRO', 'MG'),
('47630', 'ANTISRANANA', 'MG'),
('47680', 'SAINT-DENIS', 'RE'),
('47690', 'PORT EST', 'RE'),
('47695', 'PORT OUEST', 'RE'),
('47700', 'SAINT-PIERRE', 'RE'),
('47720', 'PORT LOUIS', 'MU'),
('47750', 'PORT MATHURIN', 'MU'),
('47800', 'DIEGO GARCIA', 'IO'),
('47820', 'BERBERA', 'SO'),
('47830', 'BOOSAASO', 'SO'),
('47850', 'DJIBOUTI', 'DJ'),
('47855', 'DORALEH', 'DJ'),
('47880', 'ASSAB', 'ER'),
('47900', 'MITSIWA HARBOR', 'ER'),
('47940', 'PORT SUDAN', 'SD'),
('47942', 'AL KHAIR OIL TE', 'SD'),
('47944', 'BESHAYER OIL TE', 'SD'),
('47946', 'SAWAKIN HARBOR', 'SD'),
('47960', 'NUWEIBA EL MUZE', 'EG'),
('47970', 'AL QUSAYR', 'EG'),
('47974', 'HAMRAWEIN', 'EG'),
('47980', 'BUR SAFAGA', 'EG'),
('47982', 'EL TUR HARBOR', 'EG'),
('47985', 'ZEIT BAY TERMIN', 'EG'),
('47987', 'EAST ZEIT TERMI', 'EG'),
('47988', 'SHARM EL SHEIKH', 'EG'),
('47989', 'ZEIT BAY LPG TE', 'EG'),
('47990', 'EL GHARDAQA', 'EG'),
('48015', 'RAS SHUKHIER', 'EG'),
('48020', 'RAS GHARIB', 'EG'),
('48025', 'RAS BADRAN OIL ', 'EG'),
('48030', 'NORTH AIN SUKHN', 'EG'),
('48035', 'SOKHNA PORT GAS', 'EG'),
('48040', 'AS SUWAYS', 'EG'),
('48045', 'EL-ADABIYA', 'EG'),
('48050', 'EL ISMAILIYA', 'EG'),
('48053', 'RAS SUDR', 'EG'),
('48055', 'AIN SUKHNA TERM', 'EG'),
('48057', 'ZAFARANA TERMIN', 'EG'),
('48060', 'RAS ABU ZANIMAH', 'EG'),
('48065', 'WADI FEIRAN', 'EG'),
('48076', 'ELAT', 'IL'),
('48090', 'AL AQABAH', 'JO'),
('48104', 'SHARMAH', 'SA'),
('48106', 'DUBA', 'SA'),
('48108', 'DUBA BULK PLANT', 'SA'),
('48120', 'YANBU', 'SA'),
('48121', 'KING FAHD PORT', 'SA'),
('48130', 'RABIGH', 'SA'),
('48140', 'JIDDAH', 'SA'),
('48142', 'JIZAN', 'SA'),
('48152', 'SALIF', 'YE'),
('48155', 'RAS ISA MARINE ', 'YE'),
('48165', 'AL AHMADI', 'YE'),
('48175', 'AL MUKHA', 'YE'),
('48190', 'ADEN', 'YE'),
('48198', 'NISHTUN', 'YE'),
('48202', 'ASH SHIHR OIL T', 'YE'),
('48210', 'AL MUKALLA', 'YE'),
('48214', 'RUDUM TERMINAL', 'YE'),
('48216', 'BALHAF', 'YE'),
('48230', 'MINA RAYSUT', 'OM'),
('48240', 'QALHAT LNG TERM', 'OM'),
('48250', 'MINA QABUS', 'OM'),
('48255', 'MINA AL FAHL', 'OM'),
('48257', 'PORT OF SOHAR', 'OM'),
('48259', 'KHAWR KHASAB', 'OM'),
('48262', 'FUJAYRAH HARBOR', 'AE'),
('48263', 'KHAWR FAKKAN', 'AE'),
('48264', 'MINA SAQR', 'AE'),
('48265', 'FATEH OIL TERMI', 'AE'),
('48266', 'ZIRKUH PETROLEU', 'AE'),
('48267', 'ZIRKUH OIL FIEL', 'AE'),
('48268', 'MUBARRAZ OIL TE', 'AE'),
('48269', 'AL JAZEERA PORT', 'AE'),
('48270', 'AJMAN', 'AE'),
('48271', 'ASH SHARIQAH', 'AE'),
('48272', 'SHARJAH OFFSHOR', 'AE'),
('48273', 'UMM AL QAYWAYN', 'AE'),
('48274', 'AL HAMRIYAH LPG', 'AE'),
('48275', 'DUBAYY', 'AE'),
('48276', 'MINA JABAL ALI', 'AE'),
('48277', 'JAZIRAT DAS', 'AE'),
('48278', 'ABU ZABY', 'AE'),
('48279', 'UMM AN NAR', 'AE'),
('48280', 'HULAYLAH OIL TE', 'AE'),
('48282', 'JABAL AZ ZANNAH', 'AE'),
('48287', 'UMM SAID', 'QA'),
('48290', 'DOHA', 'QA'),
('48295', 'JAZIRAT HALUL', 'QA'),
('48297', 'RAS LAFFAN', 'QA'),
('48298', 'AL SHAHEEN TERM', 'QA'),
('48300', 'AL RAYYAN TERMI', 'QA'),
('48310', 'AL MANAMAH', 'BH'),
('48320', 'SITRAH', 'BH'),
('48325', 'MINA SALMAN', 'BH'),
('48327', 'KHALIFA BIN SAL', 'BH'),
('48335', 'DAMMAM', 'SA'),
('48338', 'AL JUBAYL', 'SA'),
('48340', 'RAS  TANNURAH', 'SA'),
('48341', 'RAS AL GHAR', 'SA'),
('48342', 'JU AYMAH LPG TE', 'SA'),
('48343', 'JU AYMAH OIL TE', 'SA'),
('48348', 'RAS AL MISHAB', 'SA'),
('48349', 'RAS AL KHAFJI', 'SA'),
('48356', 'MINA AZ ZAWR', 'KW'),
('48357', 'MINA ASH SHUAYB', 'KW'),
('48360', 'MINA ABD ALLAH', 'KW'),
('48361', 'MINA AL AHMADI', 'KW'),
('48370', 'AL KUWAYT', 'KW'),
('48374', 'DOHA HARBOR', 'KW'),
('48390', 'KHAWR AL AMAYA', 'IQ'),
('48392', 'AL-BASRA OIL TE', 'IQ'),
('48399', 'UMM QASR', 'IQ'),
('48400', 'AL BASRAH', 'IQ'),
('48404', 'KHAWR AL ZUBAIR', 'IQ'),
('48406', 'KHAWR AL ZUBAIR', 'IQ'),
('48420', 'KHORRAMSHAHR', 'IR'),
('48430', 'ABADAN', 'IR'),
('48440', 'KHOSROWABAD', 'IR'),
('48450', 'BANDAR-E MAHSHA', 'IR'),
('48460', 'BANDAR KHOMEYNI', 'IR'),
('48464', 'BARKAN OIL-LOAD', 'IR'),
('48465', 'KHARG ISLAND OI', 'IR'),
('48468', 'SIRUS OIL TERMI', 'IR'),
('48470', 'BUSHEHR', 'IR'),
('48475', 'BANDAR-E PARS T', 'IR'),
('48480', 'JAZIREH-YE LAVA', 'IR'),
('48495', 'BANDAR-E SHAHID', 'IR'),
('48520', 'BANDAR ABBAS', 'IR'),
('48530', 'JAZIREH-YE HORM', 'IR'),
('48533', 'BANDAR TAHERI O', 'IR'),
('48535', 'JAZIREH-YE SIRR', 'IR'),
('48540', 'JASK', 'IR'),
('48550', 'CHAH BAHAR', 'IR'),
('48590', 'GWADAR', 'PK'),
('48600', 'KARACHI', 'PK'),
('48605', 'MUHAMAMAD BIN Q', 'PK'),
('48613', 'SIKKA', 'IN'),
('48615', 'VADINAR TERMINA', 'IN'),
('48617', 'MUNDRA', 'IN'),
('48620', 'MANDVI', 'IN'),
('48630', 'KANDLA', 'IN'),
('48635', 'NAVLAKHI', 'IN'),
('48650', 'BEDI', 'IN'),
('48670', 'OKHA', 'IN'),
('48674', 'DAHEJ', 'IN'),
('48680', 'PORBANDAR', 'IN'),
('48690', 'VERAVAL', 'IN'),
('48730', 'PIPAVAV BANDAR', 'IN'),
('48760', 'BHAVNAGAR', 'IN'),
('48770', 'MAGDALLA', 'IN'),
('48790', 'HAZIRA', 'IN'),
('48840', 'MUMBAI (BOMBAY)', 'IN'),
('48845', 'JAWAHARLAL NEHR', 'IN'),
('48900', 'RATNAGIRI', 'IN'),
('48960', 'PANAJI', 'IN'),
('48970', 'MARMAGAO', 'IN'),
('48990', 'KARWAR', 'IN'),
('49000', 'BELEKERI', 'IN'),
('49030', 'NEW MANGALORE', 'IN'),
('49040', 'AZHIKAL (AZHIKK', 'IN'),
('49100', 'CALICUT (KOZHIK', 'IN'),
('49110', 'BEYPORE', 'IN'),
('49130', 'KOCHI (COCHIN)', 'IN'),
('49160', 'QUILON (KOLLAM)', 'IN'),
('49170', 'TRIVANDRUM', 'IN'),
('49180', 'KOLACHEL', 'IN'),
('49200', 'MALE', 'MV'),
('49240', 'COLOMBO', 'LK'),
('49250', 'GALLE HARBOR', 'LK'),
('49290', 'TRINCOMALEE HAR', 'LK'),
('49300', 'KANKESANTURAI', 'LK'),
('49320', 'TUTICORIN', 'IN'),
('49350', 'NAGAPPATTINAM', 'IN'),
('49370', 'KARAIKAL PORT', 'IN'),
('49410', 'CUDDALORE', 'IN'),
('49430', 'PONDICHERRY', 'IN'),
('49450', 'CHENNAI (MADRAS', 'IN'),
('49454', 'KAMARAJAR PORT', 'IN'),
('49460', 'MACHILIPATNAM', 'IN'),
('49470', 'KAKINADA BAY', 'IN'),
('49480', 'VISHAKHAPATNAM', 'IN'),
('49535', 'PARADIP', 'IN'),
('49555', 'HALDIA PORT', 'IN'),
('49560', 'CALCUTTA', 'IN'),
('49580', 'MONGLA', 'BD'),
('49590', 'CHITTAGONG', 'BD'),
('49620', 'SITTWE', 'MM'),
('49640', 'BASSEIN', 'MM'),
('49650', 'RANGOON', 'MM'),
('49660', 'MOULMEIN HARBOR', 'MM'),
('49685', 'YETAGUN MARINE ', 'MM'),
('49690', 'MERGUI', 'MM'),
('49720', 'PORT BLAIR', 'IN'),
('49770', 'PHUKET', 'TH'),
('49780', 'KRABI', 'TH'),
('49790', 'KANTANG HARBOR', 'TH'),
('49792', 'BANG SAPHAN', 'TH'),
('49794', 'KHANOM', 'TH'),
('49830', 'PELABUHAN BASS', 'MY'),
('49845', 'SAPANGAR BAY', 'MY'),
('49850', 'PULAU PINANG', 'MY'),
('49875', 'MALONG MARINE T', 'MY'),
('49890', 'LUMUT', 'MY'),
('49910', 'TELUK ANSON', 'MY'),
('49930', 'PORT KLANG', 'MY'),
('49960', 'PORT DICKSON', 'MY'),
('49962', 'PELABUHAN SUNGA', 'MY'),
('49970', 'MELAKA', 'MY'),
('49980', 'MUAR', 'MY'),
('49982', 'JOHOR', 'MY'),
('49995', 'SERANGOON HARBO', 'SG'),
('50000', 'KEPPEL - (EAST ', 'SG'),
('50010', 'PULAU BUKOM', 'SG'),
('50015', 'PULAU SEBAROK', 'SG'),
('50017', 'JURONG ISLAND', 'SG'),
('50030', 'TANJUNGUBAN', 'ID'),
('50040', 'TANJUNGPINANG', 'ID'),
('50045', 'KIJANG', 'ID'),
('50055', 'SEKUPANG', 'ID'),
('50060', 'PULAU SAMBU', 'ID'),
('50070', 'LALANG MARINE T', 'ID'),
('50100', 'DABO', 'ID'),
('50120', 'TOBOALI', 'ID'),
('50140', 'MUNTOK', 'ID'),
('50180', 'BLINYU', 'ID'),
('50210', 'PANGKALPINANG', 'ID'),
('50231', 'RAMBA', 'ID'),
('50250', 'TANJUNGPANDAN', 'ID'),
('50300', 'SUNGAIGERONG', 'ID'),
('50330', 'PALEMBANG', 'ID'),
('50340', 'ARDJUNA OIL FIE', 'ID'),
('50350', 'CINTA OIL TERMI', 'ID'),
('50380', 'PANJANG', 'ID'),
('50440', 'BENGKULU', 'ID'),
('50441', 'PULAU BAAI', 'ID'),
('50450', 'TELUK BAYUR', 'ID'),
('50510', 'SIBOLGA', 'ID'),
('50516', 'TANJUNG BALAI K', 'ID'),
('50517', 'JABUNG BATANGHA', 'ID'),
('50518', 'KUALA TANJUNG', 'ID'),
('50600', 'ULEELHEUE', 'ID'),
('50610', 'SABANG', 'ID'),
('50650', 'BLANGLANCANG', 'ID'),
('50652', 'BLANGLANCANG', 'ID'),
('50700', 'PANGKALANSUSU', 'ID'),
('50730', 'BELAWAN', 'ID'),
('50740', 'KUALA KAPUS', 'ID'),
('50785', 'DUMAI', 'ID'),
('50790', 'BENGKALIS', 'ID'),
('50805', 'SUNGAIPAKNING', 'ID'),
('50910', 'FLYING FISH COV', 'CX'),
('50922', 'MERAK MAS TERMI', 'ID'),
('50925', 'BANTEN', 'ID'),
('50930', 'ANYER LOR', 'ID'),
('50932', 'TANJUNG GEREM', 'ID'),
('50935', 'TANJUNG SEKONG', 'ID'),
('50970', 'JAKARTA', 'ID'),
('50971', 'POLENG OIL FIEL', 'ID'),
('51010', 'CIREBON', 'ID'),
('51020', 'TEGAL', 'ID'),
('51030', 'PEKALONGAN', 'ID'),
('51040', 'SEMARANG', 'ID'),
('51070', 'REMBANG', 'ID'),
('51100', 'TUBAN', 'ID'),
('51120', 'GRESIK', 'ID'),
('51130', 'SURABAYA', 'ID'),
('51180', 'PROBOLINGGO', 'ID'),
('51200', 'PANARUKAN', 'ID'),
('51205', 'CELUKAN BAWANG', 'ID'),
('51220', 'CILACAP', 'ID'),
('51254', 'TANJUNG BENETE', 'ID'),
('51260', 'BENOA', 'ID'),
('51280', 'AMPENAN', 'ID'),
('51290', 'LABUHANHAJI', 'ID'),
('51320', 'MAUMERE', 'ID'),
('51330', 'LARANTUKA', 'ID'),
('51340', 'ENDE', 'ID'),
('51350', 'WAINGAPU', 'ID'),
('51400', 'KUPANG', 'ID'),
('51440', 'DILI', 'TL'),
('51484', 'BELIDA MARINE T', 'ID'),
('51500', 'TAREMPAH', 'ID'),
('51501', 'BELANAK FIELD T', 'ID'),
('51502', 'UDANG OILFIELD', 'ID'),
('51504', 'WIDURI MARINE T', 'ID'),
('51560', 'KUCHING', 'MY'),
('51570', 'BINTANGOR', 'MY'),
('51580', 'SIBU', 'MY'),
('51583', 'SARIKEI', 'MY'),
('51584', 'TG. MANI', 'MY'),
('51585', 'BINTULU PORT', 'MY'),
('51586', 'TAWA', 'MY'),
('51587', 'TANJUNG PELEPAS', 'MY'),
('51590', 'MIRI', 'MY'),
('51600', 'LUTONG', 'MY'),
('51620', 'MUARA HARBOR', 'BN'),
('51630', 'BANDAR SERI BEG', 'BN'),
('51635', 'LUMUT', 'BN'),
('51645', 'SERIA OIL LOADI', 'BN'),
('51646', 'KUALA BELAIT', 'BN'),
('51680', 'VICTORIA', 'MY'),
('51690', 'KOTA KINABALU', 'MY'),
('51710', 'KUDAT', 'MY'),
('51720', 'PELABUHAN SANDA', 'MY'),
('51730', 'LAHAD DATU', 'MY'),
('51733', 'BAKAPIT', 'MY'),
('51736', 'MOSTYN', 'MY'),
('51770', 'TANJUNG ARANG  ', 'ID'),
('51780', 'LINGKAS', 'ID'),
('51800', 'TANJUNGREDEB', 'ID'),
('51803', 'TANJUNG SANGATA', 'ID'),
('51810', 'BENOA', 'ID'),
('51811', 'BONTANG LNG TER', 'ID'),
('51815', 'TANJUNG SANTAN', 'ID'),
('51820', 'SAMARINDA', 'ID'),
('51830', 'SENIPAH OIL TER', 'ID'),
('51840', 'BALIKPAPAN', 'ID'),
('51845', 'LAWI LAWI OIL T', 'ID'),
('51850', 'GUNUNG BATU BES', 'ID'),
('51855', 'NORTH PULAU LAU', 'ID'),
('51860', 'KOTA BARU', 'ID'),
('51865', 'TANAH MERAH', 'ID'),
('51870', 'STAGEN', 'ID'),
('51890', 'BANJARMASIN', 'ID'),
('51910', 'SAMPIT', 'ID'),
('51920', 'KUMAI', 'ID'),
('51941', 'PONTIANAK', 'ID'),
('52040', 'MANADO', 'ID'),
('52065', 'BITUNG', 'ID'),
('52090', 'GORONTALO', 'ID'),
('52140', 'POSO', 'ID'),
('52220', 'LUWUK', 'ID'),
('52230', 'KOLONODALE', 'ID'),
('52235', 'MANGKASA OIL TE', 'ID'),
('52240', 'KENDARI', 'ID'),
('52260', 'BAUBAU', 'ID'),
('52270', 'RAHA ROADSTEAD', 'ID'),
('52295', 'POMALAA', 'ID'),
('52297', 'PAREPARE', 'ID'),
('52320', 'UJUNG PANDANG', 'ID'),
('52350', 'DONGGALA', 'ID'),
('52440', 'TAHUNA', 'ID'),
('52480', 'TELUK BEO', 'ID'),
('52510', 'TERNATE', 'ID'),
('52523', 'LABUHA', 'ID'),
('52560', 'PATANI', 'ID'),
('52660', 'WAHAI', 'ID'),
('52680', 'BULA', 'ID'),
('52695', 'SALAWATI', 'ID'),
('52720', 'AMBON', 'ID'),
('52760', 'NAMLEA', 'ID'),
('52870', 'SAUMLAKI', 'ID'),
('52940', 'SERUI', 'ID'),
('53000', 'MIEI', 'ID'),
('53010', 'MANOKWARI ROAD', 'ID'),
('53020', 'TG. SORONG', 'ID'),
('53045', 'KASIM TERMINAL', 'ID'),
('53050', 'SAILOLOF', 'ID'),
('53100', 'FAKFAK', 'ID'),
('53115', 'AMAMAPARE', 'ID'),
('53130', 'MERAUKE', 'ID'),
('53133', 'JAYAPURA', 'ID'),
('53142', 'KUMUL', 'PG'),
('53150', 'DARU', 'PG'),
('53160', 'PORT MORESBY', 'PG'),
('53165', 'ALOTOA', 'PG'),
('53170', 'SAMARAI', 'PG'),
('53190', 'SULOGA HARBOR', 'PG'),
('53195', 'DISCOVERY BAY', 'PG'),
('53206', 'ORO BAY', 'PG'),
('53230', 'LAE', 'PG'),
('53250', 'MADANG', 'PG'),
('53282', 'VANIMO', 'PG'),
('53300', 'THURSDAY ISLAND', 'AU'),
('53318', 'CAPE FLATTERY H', 'AU'),
('53340', 'CAIRNS', 'AU'),
('53360', 'MOURILYAN HARBO', 'AU'),
('53370', 'LUCINDA', 'AU'),
('53380', 'TOWNSVILLE', 'AU'),
('53400', 'MACKAY', 'AU'),
('53405', 'HAY POINT', 'AU'),
('53440', 'PORT ALMA', 'AU'),
('53450', 'GLADSTONE', 'AU'),
('53460', 'BUNDABERG', 'AU'),
('53490', 'BRISBANE', 'AU'),
('53520', 'BALLINA', 'AU'),
('53610', 'NEWCASTLE', 'AU'),
('53650', 'SYDNEY', 'AU'),
('53655', 'BOTANY BAY', 'AU'),
('53690', 'PORT KEMBLA', 'AU'),
('53710', 'JERVIS BAY', 'AU'),
('53750', 'BATEMANS BAY', 'AU'),
('53810', 'EDEN', 'AU'),
('53840', 'WELSHPOOL', 'AU'),
('53930', 'WESTERN PORT', 'AU'),
('54030', 'MELBOURNE', 'AU'),
('54050', 'GEELONG', 'AU'),
('54120', 'WARRNAMBOOL', 'AU'),
('54140', 'PORTLAND', 'AU'),
('54200', 'KINGSCOTE', 'AU'),
('54210', 'KLEIN POINT', 'AU'),
('54220', 'PORT ADELAIDE', 'AU'),
('54236', 'ARDROSSAN', 'AU'),
('54255', 'PORT GILES', 'AU'),
('54280', 'WALLAROO', 'AU'),
('54290', 'PORT PIRIE', 'AU'),
('54320', 'WHYALLA', 'AU'),
('54325', 'PORT BONYTHON', 'AU'),
('54350', 'PORT LINCOLN', 'AU'),
('54410', 'THEVENARD', 'AU'),
('54450', 'ESPERANCE', 'AU'),
('54470', 'ALBANY', 'AU'),
('54500', 'BUNBURY', 'AU'),
('54520', 'FREMANTLE', 'AU'),
('54540', 'GERALDTON', 'AU'),
('54555', 'USELESS LOOP', 'AU'),
('54565', 'CAPE CUVIER', 'AU'),
('54575', 'POINT MURAT', 'AU'),
('54580', 'ONSLOW', 'AU'),
('54600', 'PORT WALCOTT', 'AU'),
('54605', 'DAMPIER', 'AU'),
('54620', 'PORT HEDLAND', 'AU'),
('54630', 'BROOME', 'AU'),
('54660', 'WYNDHAM', 'AU'),
('54670', 'DARWIN', 'AU'),
('54671', 'MILNER BAY', 'AU'),
('54672', 'WEIPA', 'AU'),
('54675', 'GOVE', 'AU'),
('54690', 'KARUMBA', 'AU'),
('54760', 'HOBART', 'AU'),
('54810', 'PORT HUON', 'AU'),
('54830', 'DOVER', 'AU'),
('54870', 'STANLEY', 'AU'),
('54875', 'PORT LATTA', 'AU'),
('54880', 'BURNIE', 'AU'),
('54920', 'DEVONPORT', 'AU'),
('54940', 'PORT DALRYMPLE', 'AU'),
('54943', 'BEAUTY POINT', 'AU'),
('54970', 'LAUNCESTON', 'AU'),
('55000', 'WHANGAROA', 'NZ'),
('55030', 'OPUA', 'NZ'),
('55050', 'WHANGAREI', 'NZ'),
('55060', 'AUCKLAND', 'NZ'),
('55080', 'TAURANGA', 'NZ'),
('55110', 'GISBORNE', 'NZ'),
('55130', 'NAPIER', 'NZ'),
('55150', 'WELLINGTON', 'NZ'),
('55180', 'WANGANUI', 'NZ'),
('55210', 'NEW PLYMOUTH', 'NZ'),
('55230', 'MANUKAU HARBOR', 'NZ'),
('55270', 'COLLINGWOOD', 'NZ'),
('55275', 'TARAKOHE', 'NZ'),
('55290', 'NELSON', 'NZ'),
('55300', 'PICTON', 'NZ'),
('55320', 'PORT LYTTELTON', 'NZ'),
('55330', 'AKAROA', 'NZ'),
('55350', 'TIMARU', 'NZ'),
('55370', 'OTAGO HARBOR', 'NZ'),
('55400', 'BLUFF HARBOR', 'NZ'),
('55440', 'GREYMOUTH', 'NZ'),
('55450', 'WESTPORT', 'NZ'),
('55500', 'KINGSTON', 'NF'),
('55530', 'LAUTOKA HARBOR', 'FJ'),
('55540', 'SUVA HARBOR', 'FJ'),
('55550', 'LEVUKA', 'FJ'),
('55556', 'MALAI', 'FJ'),
('55560', 'SAVUSAVU BAY', 'FJ'),
('55590', 'NUKU ALOFA', 'TO'),
('55600', 'PANGAI', 'TO'),
('55610', 'NEIAFU', 'TO'),
('55617', 'FUNAFUTI ATOLL', 'TV'),
('55650', 'MATA-UTU', 'WF'),
('55670', 'APIA', 'WS'),
('55680', 'PAGO PAGO HARBO', 'AS'),
('55695', 'ALOFI', 'NU'),
('55740', 'AVATIU', 'CK'),
('55770', 'VAITAPE', 'PF'),
('55800', 'UTUROA', 'PF'),
('55840', 'PAPEETE', 'PF'),
('55960', 'PORT RIKITEA', 'PF'),
('56010', 'ATUONA', 'PF'),
('56015', 'BAIE TAIOHAE', 'PF'),
('56025', 'CANTON ISLAND', 'KI'),
('56039', 'ENGLISH HARBOR', 'KI'),
('56070', 'HONOKAA', 'US'),
('56090', 'HILO', 'US'),
('56100', 'HONUAPO', 'US'),
('56110', 'MILOLII', 'US'),
('56120', 'KAUHAKO BAY', 'US'),
('56130', 'NAPOOPOO', 'US'),
('56140', 'KAILUA', 'US'),
('56150', 'KIHOLO', 'US'),
('56160', 'KAWAIHAE', 'US'),
('56170', 'MAHUKONA', 'US'),
('56180', 'KAHULUI', 'US'),
('56190', 'HANA', 'US'),
('56200', 'LAHAINA', 'US'),
('56230', 'KAUMALAPAU HARB', 'US'),
('56240', 'PUKOO', 'US'),
('56250', 'KAMALO', 'US'),
('56260', 'KAUNAKAKAI', 'US'),
('56270', 'BARBERS POINT T', 'US'),
('56272', 'BARBER\'S POINT', 'US'),
('56280', 'HONOLULU', 'US'),
('56290', 'PORT ALLEN', 'US'),
('56300', 'NAWILIWILI BAY', 'US'),
('56310', 'AHUKINI LANDING', 'US'),
('56320', 'NONOPAPA', 'US'),
('56323', 'TERN ISLAND', 'US'),
('56350', 'ENITWETAK ISLAN', 'MH'),
('56370', 'KWAJALEIN', 'MH'),
('56400', 'MAJURO ATOLL', 'MH'),
('56450', 'TARAWA ATOLL', 'KI'),
('56500', 'NAURU', 'NR'),
('56520', 'SAIPAN', 'MP'),
('56530', 'TINIAN', 'MP'),
('56540', 'ROTA', 'MP'),
('56550', 'APRA HARBOR', 'GU'),
('56570', 'LELE HARBOR', 'FM'),
('56590', 'POHNPEI HARBOR', 'FM'),
('56600', 'MOEN', 'FM'),
('56630', 'COLONIA', 'FM'),
('56660', 'MALAKAL HARBOR', 'PW'),
('56710', 'LONGAN ISLAND', 'PG'),
('56730', 'LORENGAU', 'PG'),
('56738', 'WEWAK HARBOR', 'PG'),
('56740', 'HAMBURG HARBOR', 'PG'),
('56760', 'KAVIENG HARBOR', 'PG'),
('56810', 'RABAUL', 'PG'),
('56820', 'KOKOPO', 'PG'),
('56835', 'KIMBE', 'PG'),
('56840', 'BIALLA', 'PG'),
('56855', 'KIETA', 'PG'),
('56945', 'QUEEN CAROLA HA', 'PG'),
('56970', 'GIZO HARBOR', 'SB'),
('56975', 'PORT NORO', 'SB'),
('57005', 'RINGGI COVE', 'SB'),
('57070', 'YANDINA', 'SB'),
('57100', 'TULAGHI', 'SB'),
('57120', 'HONIARA', 'SB'),
('57200', 'LUGANVILLE', 'VU'),
('57230', 'PORT VILA', 'VU'),
('57245', 'FORARI BAY', 'VU'),
('57275', 'BAIE DE KOUAOUA', 'NC'),
('57320', 'NOUMEA', 'NC'),
('57325', 'BAIE UGUE', 'NC'),
('57410', 'KUANTAN NEW POR', 'MY'),
('57411', 'KEMAMAN HARBOR', 'MY'),
('57415', 'KIRTEH OIL TERM', 'MY'),
('57420', 'KUALA TRENGGANU', 'MY'),
('57425', 'TAPIS MARINE TE', 'MY'),
('57429', 'PORT LANGKAWI', 'MY'),
('57433', 'BONGKOT TERMINA', 'TH'),
('57434', 'TANTAWAN MARINE', 'TH'),
('57435', 'PATTANI', 'TH'),
('57436', 'BENCHAMAS TERMI', 'TH'),
('57437', 'MAP TA PHUT', 'TH'),
('57439', 'SONGKHLA HARBOR', 'TH'),
('57440', 'ERAWAN TERMINAL', 'TH'),
('57443', 'RAYONG TPI TERM', 'TH'),
('57446', 'SATTAHIP', 'TH'),
('57450', 'BANGKOK', 'TH'),
('57458', 'SI RACHA', 'TH'),
('57460', 'SI RACHA TERMIN', 'TH'),
('57461', 'SIAM SEAPORT', 'TH'),
('57462', 'LAEM CHABANG', 'TH'),
('57470', 'KO SI CHANG TER', 'TH'),
('57472', 'PETCHBURI TERMI', 'TH'),
('57485', 'KAMPONG SAOM', 'KH'),
('57490', 'PHSAR REAM', 'KH'),
('57520', 'DUONG DONG', 'VN'),
('57570', 'VUNG TAU', 'VN'),
('57572', 'PHU MY', 'VN'),
('57575', 'CAT LAI', 'VN'),
('57580', 'THANH HO CHI MI', 'VN'),
('57610', 'VINH CAM RANH', 'VN'),
('57620', 'NHA TRANG', 'VN'),
('57640', 'QUI NHON', 'VN'),
('57642', 'DAI HANG', 'VN'),
('57650', 'DA NANG', 'VN'),
('57655', 'MUI VUNG TAU', 'VN'),
('57657', 'THANH HOA', 'VN'),
('57660', 'NGHE TINH', 'VN'),
('57680', 'HAI PHONG', 'VN'),
('57700', 'HON GAI', 'VN'),
('57710', 'CAM PHA', 'VN'),
('57745', 'FANG-CHENG', 'CN'),
('57750', 'BEIHAI', 'CN'),
('57760', 'HAIKOU', 'CN'),
('57768', 'BASUO', 'CN'),
('57770', 'ZHANJIANG', 'CN'),
('57775', 'LON SHUI TERMIN', 'CN'),
('57777', 'SHEKOU', 'CN'),
('57810', 'MACAU', 'MO'),
('57816', 'SANYA', 'CN'),
('57817', 'YANGPU', 'CN'),
('57818', 'CHIWAN', 'CN'),
('57819', 'SHUI DONG', 'CN'),
('57820', 'QINZHOU', 'CN'),
('57821', 'ZHUHAI', 'CN'),
('57822', 'HUANGPU', 'CN'),
('57825', 'HUANGPUXINGANG', 'CN'),
('57830', 'GUANGZHOU', 'CN'),
('57840', 'HONG KONG', 'HK'),
('57857', 'YANTIAN', 'CN'),
('57859', 'HUIZHOU', 'CN'),
('57860', 'SHAN T OU', 'CN'),
('57862', 'CHAOZHOU', 'CN'),
('57864', 'DONGSHAN', 'CN'),
('57870', 'XIAMEN', 'CN'),
('57872', 'ZHANGZHOU', 'CN'),
('57874', 'QUANZHOU', 'CN'),
('57876', 'XIUYU', 'CN'),
('57890', 'CHI-LUNG', 'TW'),
('57900', 'SU-AO', 'TW'),
('57910', 'HUA-LIEN KANG', 'TW'),
('57920', 'KAO-HSIUNG', 'TW'),
('57935', 'TAN-SHUI', 'TW'),
('57950', 'PENG-HU KANG', 'TW'),
('57953', 'MAILIAO', 'TW'),
('57955', 'TAI-CHUNG KANG', 'TW'),
('57970', 'BASCO', 'PH'),
('57990', 'CLAVERIA', 'PH'),
('57995', 'PORT SAN VICENT', 'PH'),
('58000', 'APARRI', 'PH'),
('58070', 'HONDAGUA', 'PH'),
('58100', 'JOSE PANGANIBAN', 'PH'),
('58130', 'VIRAC', 'PH'),
('58150', 'TABACO', 'PH'),
('58170', 'LEGAZPI PORT', 'PH'),
('58205', 'SORSOGON', 'PH'),
('58315', 'SANTA CRUZ (MAR', 'PH'),
('58320', 'BATANGAS CITY', 'PH'),
('58350', 'NASUGBU', 'PH'),
('58370', 'MANILA', 'PH'),
('58390', 'MARIVELES', 'PH'),
('58395', 'SUBIC BAY', 'PH'),
('58410', 'MASINLOC', 'PH'),
('58460', 'SAN FERNANDO HA', 'PH'),
('58540', 'CALAPAN', 'PH'),
('58590', 'PORT ROMBLON', 'PH'),
('58620', 'MASBATE', 'PH'),
('58630', 'LAOANG', 'PH'),
('58640', 'PORT BORONGAN', 'PH'),
('58655', 'GUIUAN', 'PH'),
('58670', 'CATBALOGAN', 'PH'),
('58690', 'TACLOBAN', 'PH'),
('58695', 'TANAUAN', 'PH'),
('58740', 'MAASIN', 'PH'),
('58750', 'BAYBAY', 'PH'),
('58770', 'ORMOC', 'PH'),
('58795', 'ISABEL', 'PH'),
('58800', 'PALOMPON', 'PH'),
('58870', 'TAGBILARAN', 'PH'),
('58890', 'TUBIGAN', 'PH'),
('58960', 'CEBU', 'PH'),
('59015', 'TOLEDO', 'PH'),
('59070', 'SAN CARLOS', 'PH'),
('59080', 'BAIS', 'PH'),
('59090', 'DUMAGUETE', 'PH'),
('59100', 'LAZI', 'PH'),
('59120', 'PULUPANDAN', 'PH'),
('59150', 'PORT CAPIZ', 'PH'),
('59180', 'JORDAN', 'PH'),
('59190', 'ILOILO', 'PH'),
('59270', 'PUERTO PRINCESA', 'PH'),
('59340', 'SURIGAO CITY', 'PH'),
('59343', 'MASAO', 'PH'),
('59345', 'NASIPIT PORT', 'PH'),
('59380', 'HINATUAN', 'PH'),
('59385', 'MANGAGOY', 'PH'),
('59400', 'MATI', 'PH'),
('59430', 'DAVAO', 'PH'),
('59475', 'GINGOOG', 'PH'),
('59485', 'GENERAL SANTOS', 'PH'),
('59500', 'POLLOC (COTABAT', 'PH'),
('59530', 'PAGADIAN', 'PH'),
('59550', 'MARGOSATUBIG', 'PH'),
('59575', 'SANTA CLARA', 'PH'),
('59580', 'ZAMBOANGA', 'PH'),
('59670', 'JIMENEZ', 'PH'),
('59680', 'PORT OZAMIS', 'PH'),
('59700', 'ILIGAN', 'PH'),
('59710', 'CAGAYAN DE ORO', 'PH'),
('59720', 'BUGO', 'PH'),
('59725', 'VILLANUEVA', 'PH'),
('59760', 'BUTUAN CITY', 'PH'),
('59770', 'BASILIAN CITY (', 'PH'),
('59780', 'PORT HOLLAND', 'PH'),
('59800', 'JOLO', 'PH'),
('59820', 'SIASI', 'PH'),
('59860', 'FUZHOU', 'CN'),
('59910', 'WENZHOU', 'CN'),
('59930', 'HAIMEN', 'CN'),
('59940', 'NINGBO', 'CN'),
('59950', 'ZHEN HAI', 'CN'),
('59960', 'ZHOUSHAN', 'CN'),
('59963', 'ZHAPU', 'CN'),
('59970', 'SHANGHAI', 'CN'),
('59974', 'CHANGSHU', 'CN'),
('59976', 'TAICANG', 'CN'),
('59985', 'JIANGYIN', 'CN'),
('59986', 'CHANGZHOU', 'CN'),
('59987', 'GAOGANG', 'CN'),
('59988', 'YANGZHOU', 'CN'),
('59990', 'ZHANGJIANGANG', 'CN'),
('59991', 'NANTONG', 'CN'),
('59995', 'ZHENJIANG', 'CN'),
('60000', 'NANJING', 'CN'),
('60010', 'WU HU', 'CN'),
('60030', 'ANKINGCHENG', 'CN'),
('60060', 'HANKOW', 'CN'),
('60110', 'WANXIAN', 'CN'),
('60120', 'CHUNG CHING', 'CN'),
('60125', 'LANSHAN', 'CN'),
('60130', 'LIANYUNGANG', 'CN'),
('60133', 'RIZHAO', 'CN'),
('60140', 'QINGDAO GANG', 'CN'),
('60150', 'WEIHAI', 'CN'),
('60160', 'YANTAI', 'CN'),
('60165', 'PENGLAI', 'CN'),
('60170', 'LONGKOU GANG', 'CN'),
('60180', 'DAGU TANGGU', 'CN'),
('60190', 'TIANJIN XIN GAN', 'CN'),
('60193', 'TANGSHAN (JINGT', 'CN'),
('60200', 'QINHUANGDAO', 'CN'),
('60205', 'SUIZHANG GANG', 'CN'),
('60210', 'HULUDAO GANG', 'CN'),
('60215', 'JINZHOU WAN', 'CN'),
('60220', 'YINGKOU', 'CN'),
('60230', 'BAYUQUAN', 'CN'),
('60233', 'DANDONG', 'CN'),
('60240', 'LUSHUN', 'CN'),
('60250', 'DALIAN', 'CN'),
('60280', 'NAMPO', 'KP'),
('60290', 'KYOMIP\'O', 'KP'),
('60310', 'HAEJU HANG', 'KP'),
('60320', 'INCHON', 'KR'),
('60323', 'DAESAN HANG', 'KR'),
('60325', 'PYEONGTAEK HANG', 'KR'),
('60330', 'KUNSAN', 'KR'),
('60340', 'MOKPO', 'KR'),
('60350', 'CHEJU HANG', 'KR'),
('60370', 'YOSU', 'KR'),
('60376', 'GWANGYANG HANG', 'KR'),
('60380', 'MASAN', 'KR'),
('60385', 'CHINAE', 'KR'),
('60390', 'PUSAN', 'KR'),
('60400', 'ULSAN', 'KR'),
('60410', 'POHANG', 'KR'),
('60430', 'MUKHO', 'KR'),
('60431', 'TONGHAE', 'KR'),
('60435', 'SOKCH\'O HANG', 'KR'),
('60440', 'WONSAN', 'KP'),
('60450', 'HUNGNAM', 'KP'),
('60470', 'CH\'AHO', 'KP'),
('60480', 'KIMCH\'AEK', 'KP'),
('60500', 'CH\'ONGJIN', 'KP'),
('60510', 'NAJIN', 'KP'),
('60520', 'SENBONG', 'KP'),
('60540', 'POS\'YET', 'RU'),
('60582', 'ZARUBINO', 'RU'),
('60610', 'VLADIVOSTOK', 'RU'),
('60720', 'BUKHTA GAYDAMAK', 'RU'),
('60725', 'VOSTOCHNYY', 'RU'),
('60730', 'NAKHODKA', 'RU'),
('60795', 'SOVETSKAYA GAVA', 'RU'),
('60800', 'BUKHTA VANINO', 'RU'),
('60810', 'DE KASTRI', 'RU'),
('60820', 'NIKOLAYEVSK NA ', 'RU'),
('60860', 'OKHA', 'RU'),
('60870', 'VITAZ MARINE TE', 'RU'),
('60880', 'PORONAYSK', 'RU'),
('60920', 'KORSAKOV', 'RU'),
('60930', 'NEVELSK', 'RU'),
('60940', 'KHOLMSK', 'RU'),
('60980', 'UGLEGORSK', 'RU'),
('60981', 'SHAKHTERSK', 'RU'),
('60990', 'LESOGORSK', 'RU'),
('61020', 'MYS ROGATYY OKT', 'RU'),
('61040', 'ALEKSANDROVSK -', 'RU'),
('61045', 'LAZAREV', 'RU'),
('61060', 'MOSKAL VO', 'RU'),
('61090', 'SHAKOTAN', 'RU'),
('61110', 'MOMBETSU KO', 'JP'),
('61120', 'ABASHIRI KO', 'JP'),
('61130', 'NEMURO KO', 'JP'),
('61140', 'HANASAKI KO', 'JP'),
('61160', 'KUSHIRO KO', 'JP'),
('61165', 'TOMAKOMAI KO', 'JP'),
('61170', 'MURORAN KO', 'JP'),
('61175', 'TOKACHI', 'JP'),
('61180', 'MORI', 'JP'),
('61190', 'HAKODATE KO', 'JP'),
('61205', 'ESASI KO', 'JP'),
('61230', 'OTARU KO', 'JP'),
('61232', 'ISIKARI WAN', 'JP'),
('61245', 'ISHIKARI BAY NE', 'JP'),
('61250', 'RUMOI KO', 'JP'),
('61260', 'WAKKANAI', 'JP'),
('61270', 'AOMORI KO', 'JP'),
('61277', 'NOSHIRO KO', 'JP'),
('61280', 'HACHINOHE KO', 'JP'),
('61290', 'MIYAKO', 'JP'),
('61310', 'KAMAISHI KO', 'JP'),
('61320', 'OFUNATO', 'JP'),
('61325', 'KESENNUMA KO', 'JP'),
('61330', 'ONAGAWA', 'JP'),
('61340', 'ISHINOMAKI KO', 'JP'),
('61350', 'SENDAI-SHIOGAMA', 'JP'),
('61353', 'SOMA', 'JP'),
('61355', 'ONAHAMA KO', 'JP'),
('61356', 'HITACHI', 'JP'),
('61357', 'KASHIMA KO', 'JP'),
('61360', 'CHOSHI', 'JP'),
('61370', 'TATEYAMA KO', 'JP'),
('61372', 'KISARAZU KO', 'JP'),
('61375', 'CHIBA KO', 'JP'),
('61378', 'KATSUNAN KO', 'JP'),
('61379', 'FUNABASHI', 'JP'),
('61380', 'TOKYO KO', 'JP'),
('61385', 'KAWASAKI KO', 'JP'),
('61390', 'YOKOHAMA KO', 'JP'),
('61400', 'YOKOSUKA KO', 'JP'),
('61410', 'URAGA KO', 'JP'),
('61415', 'TAGONOURA KO', 'JP'),
('61416', 'ATSUMI', 'JP'),
('61420', 'SHIMODA KO', 'JP'),
('61425', 'OMAEZAKI KO', 'JP'),
('61460', 'SHIMIZU KO', 'JP'),
('61465', 'MIKAWA', 'JP'),
('61470', 'KINUURA KO', 'JP'),
('61475', 'GAMAGORI KO', 'JP'),
('61480', 'NAGOYA KO', 'JP'),
('61490', 'YOKKAICHI', 'JP'),
('61495', 'MATSUSAKA', 'JP'),
('61500', 'TOBA', 'JP'),
('61515', 'OWASE KO', 'JP'),
('61540', 'TANABE KO', 'JP'),
('61541', 'YURA', 'JP'),
('61545', 'WAKAYAMA-SHIMOT', 'JP'),
('61547', 'SAKAI-SENBOKU', 'JP'),
('61550', 'OSAKA', 'JP'),
('61555', 'AMAGASAKI', 'JP'),
('61560', 'KOBE', 'JP'),
('61564', 'HIROHATA', 'JP'),
('61566', 'SHIKAMA', 'JP');
INSERT INTO `port` (`portcode`, `portnom`, `portpays`) VALUES
('61567', 'HIMEJI', 'JP'),
('61568', 'HIGASHI-HARIMA', 'JP'),
('61570', 'AIOI', 'JP'),
('61571', 'O0KIHAMA', 'JP'),
('61573', 'KAKOGAWA', 'JP'),
('61580', 'UNO KO', 'JP'),
('61590', 'HIBI KO', 'JP'),
('61595', 'MIZUSHIMA KO', 'JP'),
('61605', 'FUKUYAMA', 'JP'),
('61617', 'HABU KO', 'JP'),
('61630', 'ONOMICHI-ITOZAK', 'JP'),
('61640', 'KURE', 'JP'),
('61642', 'MITSUKOJIMA', 'JP'),
('61650', 'HIROSHIMA', 'JP'),
('61655', 'KANOKAWA KO', 'JP'),
('61662', 'IWAKUNI KO', 'JP'),
('61664', 'NAMIKATA', 'JP'),
('61675', 'KUDAMATSU', 'JP'),
('61680', 'TOKUYAMA', 'JP'),
('61690', 'UBE KO', 'JP'),
('61695', 'HIKARI', 'JP'),
('61700', 'SHIMONOSEKI', 'JP'),
('61720', 'HAGI KO', 'JP'),
('61730', 'HAMADA KO', 'JP'),
('61750', 'SAKAI KO', 'JP'),
('61760', 'SAKAIMINATO', 'JP'),
('61790', 'MIYAZU', 'JP'),
('61800', 'MAIZURU KO', 'JP'),
('61802', 'UCHIURA', 'JP'),
('61805', 'FUKUI', 'JP'),
('61810', 'TSURUGA KO', 'JP'),
('61820', 'FUKUI KO', 'JP'),
('61822', 'KANAZAWA', 'JP'),
('61840', 'NANAO KO', 'JP'),
('61850', 'FUSHIKI-TOYAMA', 'JP'),
('61855', 'SHIMMINATO', 'JP'),
('61862', 'HIMEKAWA', 'JP'),
('61865', 'NAOETSU KO', 'JP'),
('61867', 'KASHIWAZAKI', 'JP'),
('61870', 'NIIGATA KO', 'JP'),
('61875', 'EASTERN PART OF', 'JP'),
('61890', 'RYOTU KO', 'JP'),
('61900', 'SAKATA KO', 'JP'),
('61910', 'AKITA-FUNAKAWA ', 'JP'),
('61932', 'MEGA', 'JP'),
('61935', 'HANNAN KO', 'JP'),
('61940', 'TAKAMATSU', 'JP'),
('61960', 'KOMATSUSHIMA', 'JP'),
('61965', 'TACHIBANA', 'JP'),
('61967', 'SHINGU', 'JP'),
('61970', 'KOCHI KO', 'JP'),
('61980', 'SUSAKI KO', 'JP'),
('62010', 'UWAJIMA KO', 'JP'),
('62020', 'YAWATAHAMA', 'JP'),
('62030', 'MATSUYAMA', 'JP'),
('62060', 'KIKUMA KO', 'JP'),
('62065', 'MUTUREZIMA KO', 'JP'),
('62070', 'IMABARI KO', 'JP'),
('62077', 'TAKUMA', 'JP'),
('62078', 'TONDA', 'JP'),
('62079', 'ONODA', 'JP'),
('62080', 'NIIHAMA', 'JP'),
('62085', 'MISHIMA-KAWANOE', 'JP'),
('62100', 'MARUGAME KO', 'JP'),
('62110', 'SAKAIDE KO', 'JP'),
('62113', 'YANAI', 'JP'),
('62115', 'TOBATA', 'JP'),
('62118', 'HIBIKINADA', 'JP'),
('62120', 'WAKAMATSU KO', 'JP'),
('62121', 'YAHATA', 'JP'),
('62130', 'KOKURA KO', 'JP'),
('62140', 'MOJI KO', 'JP'),
('62145', 'KANDA', 'JP'),
('62150', 'BEPPU', 'JP'),
('62160', 'OITA KO', 'JP'),
('62165', 'SAGANOSEKI KO', 'JP'),
('62170', 'TSUKUMI KO', 'JP'),
('62175', 'SAIKI KO', 'JP'),
('62190', 'HOSOSHIMA KO', 'JP'),
('62220', 'KAGOSHIMA KO', 'JP'),
('62224', 'SHIBUSHI WAN', 'JP'),
('62225', 'KIIRE', 'JP'),
('62250', 'MINAMATA KO', 'JP'),
('62255', 'YATSUSHIRO KO', 'JP'),
('62280', 'MISUMI KO', 'JP'),
('62290', 'MIIKE KO', 'JP'),
('62333', 'MATSU-SHIMA', 'JP'),
('62340', 'AOKATA', 'JP'),
('62360', 'NAGASAKI', 'JP'),
('62380', 'SASEBO', 'JP'),
('62400', 'IMARI', 'JP'),
('62420', 'KARATSU', 'JP'),
('62430', 'HAKATA', 'JP'),
('62440', 'IZUHARA', 'JP'),
('62495', 'KIN WAN', 'JP'),
('62497', 'NISHIHARA', 'JP'),
('62500', 'NAHA KO', 'JP'),
('62505', 'NAKAGUSUKU', 'JP'),
('62510', 'HIRARA KO', 'JP'),
('62520', 'ISHIGAKI', 'JP'),
('62535', 'SLAVYANKA', 'RU'),
('62540', 'OKHOTSK IY REYD', 'RU'),
('62550', 'BUKHTA NAGAYEVA', 'RU'),
('62600', 'PETROPAVLOVSK', 'RU'),
('62630', 'NIKOL SKOYE', 'RU'),
('62635', 'PORT BERINGOVSK', 'RU'),
('62640', 'PROVIDENIYA', 'RU'),
('62660', 'AMBARCHIK', 'RU'),
('62670', 'TIKSI', 'RU'),
('62680', 'PEVEK', 'RU'),
('62695', 'PORT DIKSON', 'RU'),
('62710', 'UST-PORT', 'RU'),
('62720', 'DUDINKA', 'RU'),
('62730', 'IGARKA', 'RU'),
('62740', 'MYS NOVYY PORT', 'RU'),
('62770', 'NAR YAN-MAR', 'RU'),
('62775', 'MEZEN', 'RU'),
('62800', 'ARKHANGELS\'K', 'RU'),
('62810', 'SEVERODVINSK', 'RU'),
('62820', 'ONEGA', 'RU'),
('62830', 'BELOMORSK', 'RU'),
('62840', 'RABOCHEOSTROVSK', 'RU'),
('62860', 'KERET', 'RU'),
('62870', 'KOVDA', 'RU'),
('62890', 'KANDALAKSHA', 'RU'),
('62894', 'VITINO', 'RU'),
('62900', 'BOLSHAYA PIRYU ', 'RU'),
('62910', 'OSTROVNOY GREMI', 'RU'),
('62950', 'MURMANSK', 'RU'),
('62970', 'MYS ABRAM', 'RU'),
('63070', 'ELLEFSEN HARBOR', 'AQ'),
('63080', 'SCOTIA BAY', 'AQ'),
('63090', 'ADMIRALTY BAY', 'AQ'),
('63095', 'PORT FOSTER', 'AQ'),
('63100', 'PORT LOCKROY', 'AQ'),
('63110', 'MELCHIOR HARBOR', 'AQ'),
('63120', 'ANDERSEN HARBOR', 'AQ'),
('63130', 'MCMURDO STATION', 'AQ');

-- --------------------------------------------------------

--
-- Structure de la table `societe`
--

CREATE TABLE `societe` (
  `num` int(11) NOT NULL,
  `nom` varchar(15) NOT NULL,
  `adresse` varchar(20) NOT NULL,
  `adresse2` varchar(20) NOT NULL,
  `cp` char(5) NOT NULL,
  `ville` varchar(20) NOT NULL,
  `tel` varchar(15) NOT NULL,
  `fax` varchar(15) NOT NULL,
  `mel` varchar(20) NOT NULL,
  `directeur` varchar(25) NOT NULL,
  `numcnil` varchar(25) NOT NULL,
  `numintra` varchar(20) NOT NULL,
  `IBAN` varchar(30) NOT NULL,
  `SIRET` varchar(30) NOT NULL
) ENGINE=MyISAM DEFAULT CHARSET=utf8;

--
-- Déchargement des données de la table `societe`
--

INSERT INTO `societe` (`num`, `nom`, `adresse`, `adresse2`, `cp`, `ville`, `tel`, `fax`, `mel`, `directeur`, `numcnil`, `numintra`, `IBAN`, `SIRET`) VALUES
(1, 'Tholdi', 'Haut-de-Seine', '45 route Mercière', '92230', 'Genevillier', '01 41 47 20 33', '01 41 47 20 66', 'info@tholdi.fr', 'Monsieur Marc ASSIN', '10 000 09.', 'FR12552100400', 'FR7630001007941234567890185', '552 100 400 00011');

-- --------------------------------------------------------

--
-- Structure de la table `taillecontener`
--

CREATE TABLE `taillecontener` (
  `taillcode` int(11) NOT NULL,
  `taillong` int(2) NOT NULL,
  `taillarg` int(2) NOT NULL,
  `taillhaut` int(2) NOT NULL
) ENGINE=MyISAM DEFAULT CHARSET=utf8;

--
-- Déchargement des données de la table `taillecontener`
--

INSERT INTO `taillecontener` (`taillcode`, `taillong`, `taillarg`, `taillhaut`) VALUES
(1, 20, 8, 8),
(2, 40, 8, 8),
(3, 40, 8, 9);

-- --------------------------------------------------------

--
-- Structure de la table `transport`
--

CREATE TABLE `transport` (
  `transcode` char(2) NOT NULL,
  `transnom` varchar(30) NOT NULL,
  `transname` varchar(30) NOT NULL,
  `transdescfr` varchar(1000) NOT NULL,
  `transdescgb` varchar(1000) NOT NULL,
  `transimg` varchar(30) NOT NULL
) ENGINE=MyISAM DEFAULT CHARSET=utf8;

--
-- Déchargement des données de la table `transport`
--

INSERT INTO `transport` (`transcode`, `transnom`, `transname`, `transdescfr`, `transdescgb`, `transimg`) VALUES
('1', 'Transport de conteneur', 'Container transport', 'Tholdi offre son expertise et sa réactivité dans le domaine du transport de conteneurs (du 8\' au 45\') pour tout type de marchandises (classique et ADR) partout en france', 'Tholdi offers its expertise and reactivity in the field of container transport (from 8\' to 45\') for all types of goods (conventional and ADR) anywhere in France', 'Camion.jpg'),
('2', 'Manutention', 'Manutentian', 'La large gamme de matériels spécifiques de Transport et logistique (sideloader, rolltainer, tracteurs ave bras de grue...) permet de manutentionner simplement et rapidement les conteneurs en fonction des contraintes d\'accessibilité et d\'espace disponible', 'The wide range of specific transport and logistics equipment (sideloader, rolltainer, tractors with crane arms, etc.) makes it possible to handle containers simply and quickly according to the constraints of accessibility and available space', 'Sideloader.jpg'),
('3', 'Empotage / Dépotage', 'Stuffing / unstuffing', 'Grâce aux squelettes bennant, pouvant être équipés de rotovalves, Brangeon Transports et logistique pour propose le vidage de conteneurs 20\', 30\' et 40\'. Enfin, les squelettes basculants, permettent quant à eux, d\'emporter les conteneurs 20\' à la verticale.', 'Thanks to the tilting skeletons, which can be equipped with rotovals, Brangeon Transports et Logistique can empty 20, 30 and 40-foot containers. Finally, the tilting skeletons allow 20\' containers to be carried vertically.', 'Empotage.jpg');

-- --------------------------------------------------------

--
-- Structure de la table `typecontener`
--

CREATE TABLE `typecontener` (
  `typecode` int(11) NOT NULL,
  `typelibel` varchar(15) NOT NULL,
  `typelibelGB` varchar(30) NOT NULL,
  `phototype` varchar(15) NOT NULL,
  `descriptionfr` varchar(1000) NOT NULL,
  `descriptiongb` varchar(1000) NOT NULL
) ENGINE=MyISAM DEFAULT CHARSET=utf8;

--
-- Déchargement des données de la table `typecontener`
--

INSERT INTO `typecontener` (`typecode`, `typelibel`, `typelibelGB`, `phototype`, `descriptionfr`, `descriptiongb`) VALUES
(1, 'Classique', 'Classical', 'classique.png', '(Dry, general Purpose, standard) Ces conteneurs représentent 85% de la flotte de conteneurs opéré par Marfret. Ils sont destinés aux marchandises ne céclamant pas de condition particulières ou de manutention. Les 4\' existent en deux hauteurs différentes : 8\'6 (2,591m) et 9\' (2,2895m). Dans ce dernier cas, le conteneur est appelé \"High CUB\".', 'These contaiers account for 85% of our fleet of containers. They are intended for goods not requiring special conditions or handling'),
(2, 'Reefer', 'Reefer', 'reefer.png', 'Conçu pour le transport de marchandis à température contrôlée (-25°C à +25°C), ils sont équipés de parois avec un coefficient d\'isolation thermique éleé et une nunité mécanique permettant l\'injection dans le récipient à air chaud ou à froid. Les groupes sont éléctriquemnet entraînés; L\'équipement sur les bornes portuaires, sur les navires et sur certains châssi routier permet de fournir ces groupes pendnat la durée du transport.', 'Designed for transport of goods under controlled temperature (-25°C to +25°C), they are equipped with walls with a high thermal insulation coefficiant and a mechanical unit allloqin injection into the hot air container or cold. The group are electrically driven; Equipement on port terminals, on ship and on certain routier chassis, allows these groupes to be supplied for the duraton of the transport.'),
(3, 'Citerne', 'Tank', 'tank.png', 'Un conteneur maritime composé de deux éléments, la citerne et le cadre. Ce type de conteneur CITERNE est utilisé pour le transport de liquide dangereux ou non, y compris ls produits alimentaires. Ils sont équipés des accessoires destinés à faciliter les chargement et le déchargement du contenu et so aussi équipés d\' accessoir de sécurité.', 'A marine container consisting o ftwo elements, the tank and th eframe. This type of TANK container is used for transporting hazardous or non-hazardous liquid, including food products. They are equipped with accesories to facilitate the loading and unloading of the content and are also equiped with sefety accesoires.'),
(4, 'Toit Ouvert', 'Open Top', 'opentop.png', 'Ces conteneurs n\'ont pas de parois latérales, ni de toit. Ils sont desitnés au transport de marchandises dont les dimensions ou la nature ne permettent pas son empotage dans un conteneur classique. il existe deux type de flats : les flats a parois fixes et les flats à parois rabatables. Dans ce dernier cas, et quand les parois sont rabattues sur le plancher, l\'encombrement est limité et il est possible de regrouper plusieurs de ces flats pour ne formeer q\'un seul module ayant les dimensions d\'un 20\' ou d\'un 40.', 'These contaiers do not have side walls nor roofs. They are intended for the carriage of goods the dimensions or nature of wich do no tallow it to be packed in a conventional container. There are two types of flats : flats with fixed walls and flats with folding walls. In the latter case, and when the walls are folded down on the floor, the space rquirement is lmitd and it is possible to groupe several of thes flats together to from a single module gaving the dimensions of a 20\' or 40\".'),
(5, 'Flat-Rack', 'Flat-Rack', 'flatrack.png', 'Ces planchers, aux même dimensions que les structures des 20\' ou des 40\' permettent de supporter certains colis lourds ou encombrant dont les dimensions totales ne permettent pas son empotage à l\'intérieur d\'un conteneur. Les produits transportés sur des platte-formes ne sont pas à l\'abri des intempéries et ne sont pas dans une enceinte fermée et scellée.', 'These floors, a the sme dimensions as the 20\' or 40\' structures, make it possible to support certain hevy or bulky packages whose total dimensions do not allow it to be packed inside a container. The products transported on plateforms are not immune to the elements and are not in a closed and sealed enclosure.');

--
-- Index pour les tables déchargées
--

--
-- Index pour la table `agence`
--
ALTER TABLE `agence`
  ADD PRIMARY KEY (`num`),
  ADD KEY `FK_AGENCE_PORT` (`agenceport`);

--
-- Index pour la table `client`
--
ALTER TABLE `client`
  ADD PRIMARY KEY (`idcli`),
  ADD KEY `FK_CLIENT_PAYS` (`pays`);

--
-- Index pour la table `contener`
--
ALTER TABLE `contener`
  ADD PRIMARY KEY (`contcode`),
  ADD KEY `FK_CONTENER_TYPE` (`conttype`),
  ADD KEY `FK_CONTENER_TAILLE` (`conttaille`);

--
-- Index pour la table `continent`
--
ALTER TABLE `continent`
  ADD PRIMARY KEY (`contnum`);

--
-- Index pour la table `detaildevis`
--
ALTER TABLE `detaildevis`
  ADD PRIMARY KEY (`devinum`,`contcode`),
  ADD KEY `FK_DET_CONTENER` (`contcode`);

--
-- Index pour la table `devis`
--
ALTER TABLE `devis`
  ADD PRIMARY KEY (`devinum`),
  ADD KEY `FK_DEVIS_PORT_A` (`portA`),
  ADD KEY `FK_DEVIS_PORT_D` (`portD`),
  ADD KEY `FK_DEVIS_ETAT` (`devetat`),
  ADD KEY `FK_DEVIS_CLIENT` (`devcli`);

--
-- Index pour la table `etat`
--
ALTER TABLE `etat`
  ADD PRIMARY KEY (`numetat`);

--
-- Index pour la table `pays`
--
ALTER TABLE `pays`
  ADD PRIMARY KEY (`payscode`),
  ADD KEY `FK_PAYS_CONTINENT` (`payscont`);

--
-- Index pour la table `port`
--
ALTER TABLE `port`
  ADD PRIMARY KEY (`portcode`),
  ADD KEY `FK_PORT_PAYS` (`portpays`);

--
-- Index pour la table `societe`
--
ALTER TABLE `societe`
  ADD PRIMARY KEY (`num`);

--
-- Index pour la table `taillecontener`
--
ALTER TABLE `taillecontener`
  ADD PRIMARY KEY (`taillcode`);

--
-- Index pour la table `transport`
--
ALTER TABLE `transport`
  ADD PRIMARY KEY (`transcode`);

--
-- Index pour la table `typecontener`
--
ALTER TABLE `typecontener`
  ADD PRIMARY KEY (`typecode`);

--
-- AUTO_INCREMENT pour les tables déchargées
--

--
-- AUTO_INCREMENT pour la table `client`
--
ALTER TABLE `client`
  MODIFY `idcli` int(5) NOT NULL AUTO_INCREMENT, AUTO_INCREMENT=12;
--
-- AUTO_INCREMENT pour la table `devis`
--
ALTER TABLE `devis`
  MODIFY `devinum` int(12) NOT NULL AUTO_INCREMENT, AUTO_INCREMENT=9;COMMIT;

/*!40101 SET CHARACTER_SET_CLIENT=@OLD_CHARACTER_SET_CLIENT */;
/*!40101 SET CHARACTER_SET_RESULTS=@OLD_CHARACTER_SET_RESULTS */;
/*!40101 SET COLLATION_CONNECTION=@OLD_COLLATION_CONNECTION */;
